timestamp,agent_id,brief_id,iteration,linalg/eigh_py,status,commit,description
2026-06-30T05:38:43.724548,0,,N/A,56238.201,baseline,08291948124036edc19e0409887fa3fe8765a229,baseline
2026-06-30T05:45:39.825856,0,0,N/A,N/A,brief_start,N/A,"Baseline loops cuSOLVER syevd per matrix (zero tensor cores, latency-bound symv/gemv). Replace the batch-heavy n<=512 shapes with a genuinely batched two-sided Jacobi eigensolver in Triton: one persistent CTA per matrix running rotation sweeps in shared memory for n<=64, and block-Jacobi with FP16/BF16 tensor-core block-pair rotations for n=176-512. Accumulate eigenvectors through rotations, sort ascending, emit Q in FP32 and L via FP32 Rayleigh quotient diag(Q^T A Q)."
2026-06-30T06:00:34.923008,0,0,0,N/A,runtime_error,95b88351c7076025fcc6a485c60ccc092e1121cf,"Batched cyclic Jacobi (parallel ordering, n<=512). Validation PASSES all 39 test shapes within gates. Benchmark TIMES OUT >10min: Python step*sweep double-loop (~6000 steps x 10 ops for n=512 batch=640) is launch-bound. Motivates block-Jacobi + batched-GEMM reformulation."
2026-06-30T06:18:56.119713,0,0,1,N/A,validation_error,accf9b2f3a7fab6744d8cac376935492cca47281,"Block-Jacobi + batched-GEMM updates + eigenvector-reorder convergence fix (n in 176/352/512, 8 sweeps). Validation PASSES all 39 test shapes. Benchmark FAILS recheck on n=512 mixed (matrix 177 res 0.57>0.22) and clustered (matrix 524 res 0.81>0.22): batch-640 surfaces clustered/ill-conditioned spectra needing more sweeps or higher precision. GEMM formulation runs (~307s total, no timeout)."
2026-06-30T06:27:52.939865,0,0,2,N/A,runtime_error,025a6d5d1b1b154d74f51231fd19ba2e3cd11dd2,"Block-Jacobi FP32 GEMM (no TF32), sweeps 176:10/352:12/512:14. ALL 13 benchmark shapes PASS residual gates (clustered + mixed included) -- algorithm correct end-to-end. But FP32 SIMT has no tensor cores: n=512 shapes ~5,000,000us each, computed geomean ~300299us = 5.3x REGRESSION. Harness omitted geomean (benchmark_timeout). Need tensor-core GEMM (tf32x3 in Triton) + fewer sweeps + less index_select overhead."
2026-06-30T06:42:15.512673,0,0,3,67095.227,succeeded,a0d301c510107aa4a751d066eba3732339f14392,"Custom batched Jacobi CUDA kernel (one CTA/matrix, A+V in SMEM, k/2 pair-threads). Builds on sm_100, correct (recon 2e-5..1e-4 k=32/64/128 @8sw). But TOO SLOW: 478ms for (2560,128,128) vs cuSOLVER 15.5ms; n=32 bench 1559us vs baseline 161us. Geomean 67095 (regression). Key findings: cuSOLVER batched eigh IS fast/batched even k=128; full n=512 batch eigh ~191ms ~= baseline, so block-Jacobi (8 sweeps x inner eigh >100ms) can't beat one cuSOLVER solve. Serial-column-loop design under-parallelizes."
2026-06-30T06:51:12.743878,0,0,4,72495.257,succeeded,88f9db2d5a81a6bcf5d8c5b1e23b08e1aaa3cae8,"Optimized small-k Jacobi kernel (k threads/matrix, parallel register-buffered apply, 8 matrices/block). Builds, correct (recon 2e-5 k=32). Still 25x slower than cuSOLVER: n=32 B=20 = 4003us vs baseline 161us, geomean 72495 (regression). EXHAUSTIVE CONCLUSION: custom batched two-sided Jacobi cannot beat cuSOLVER on any in-scope shape (B200). cuSOLVER batched eigh efficient (n<=32 syevjBatched; n>32 batched syevd); Jacobi iterative nature multiplies work -- block-Jacobi per-sweep inner-eigh (78-154ms) ~= one full cuSOLVER solve (191ms) x8 sweeps."
2026-06-30T06:52:25.052806,0,0,N/A,N/A,brief_stop,N/A,"Brief EXHAUSTED with a clear measured negative result: a custom batched two-sided Jacobi eigensolver cannot beat cuSOLVER on any in-scope shape (n=32/176/352/512) on this B200. Best geomean from this line: 67095 (n=32 custom kernel) -- all iterations REGRESS vs baseline 56314.

What I built & measured (all committed, validated where noted):
(1) Vectorized PyTorch parallel-ordering Jacobi: correct (39/39 test shapes) but launch-bound -> benchmark TIMES OUT.
(2) Block-Jacobi with batched-eigh inner solve + GEMM trailing updates. KEY FIX discovered: torch.linalg.eigh sorts sub-block eigenvalues, injecting a permutation into G that STALLS the cyclic sweep at a nonzero off-diagonal limit; reordering each G's columns to the permutation-closest-to-identity restores quadratic convergence (off2->1e-13 in ~5 sweeps, fp64-verified). With that fix, all 39 test shapes pass.
(3) Precision: TF32 is INSUFFICIENT (fails even plain dense, residual 1.66; error compounds over ~430 matmuls). FP32 needed. With FP32 all 13 benchmark shapes PASS, but n=512 balloons to ~5,000,000us each (geomean ~300299).
(4) Custom CUDA Jacobi kernel (one CTA/matrix, A+V in 232KB opt-in SMEM), then an optimized small-k variant (k threads/matrix, parallel register-buffered apply, 8 matrices/block). Both build on sm_100 and are correct (recon 2e-5..1e-4) but 25-30x SLOWER than cuSOLVER (n=32 B=20: 4003us vs 159us).

Why it cannot win (conclusive): cuSOLVER's batched eigh IS efficient here (n<=32 syevjBatched; n>32 batched syevd). Full n=512 B=640 solve = 191ms ~= baseline. Block-Jacobi's per-sweep INNER-eigh alone costs 78-154ms (any block size 8/16/32/64) and needs ~8 sweeps -> several x one full solve. Jacobi's iterative nature multiplies the work.

STRATEGIC SIGNAL (leaderboard, B200): #1=33954us, only 1.66x over baseline; winning files are 'diagonal_fast_path' / 'eigh_diagonal_fast' (#1,#3,#4) and 'eigh_lowrank' (#6). Nobody wins via dense batched Jacobi. The frontier is reached by STRUCTURE ROUTING (diagonal/banded fast-paths -- worker 2's brief) and LOW-RANK for rankdef/clustered/nearrank. RECOMMENDATION: retire the dense-Jacobi line; point briefs at (a) per-matrix structure detection + trivial fast paths (diagonal->sort, near-diagonal), and (b) low-rank/Nystrom solves for the rankdef/nearrank/clustered shapes, exploiting the generous ~1e-2 residual gate. The eigenvector-reorder convergence fix and the validated FP32 block-Jacobi (commit 025a6d5) are reusable if a niche for Jacobi appears (e.g. tiny structured blocks)."
2026-06-30T06:55:47.750624,0,1,N/A,N/A,brief_start,N/A,"Dense Jacobi is retired (measured: cannot beat cuSOLVER). The proven gate is the batched reduced-form solve: W2's tensor-core reduction is already 3.9x faster than cuSOLVER, but no fast batched tridiagonal eigensolver exists. Build that solver with the highest-ceiling method: a batched Cuppen DIVIDE-AND-CONQUER symmetric-tridiagonal eigensolver, one CTA per matrix. Recursively split T, solve the rank-1-updated secular equation by Newton root-finding (deflate close/zero eigenvalues), and recombine eigenvectors via the Gu-Eisenstat/Lowner formula so they are orthogonal BY CONSTRUCTION even on clustered/repeated/rankdef (those deflate and become best-case). Architect the eigenvector recombine as a global-memory batched tensor-core GEMM (n>=512 vectors spill SMEM - that's fine, GEMM is the GPU's best op). Eigenvalues FP32; secular solve FP32/FP64 as needed for the 0.6% orthogonality gate. Use any correct reduction (one-stage tridiagonalization, or cuSOLVER sytrd as a temporary front-end) to obtain T for end-to-end benchmarking - the D&C kernel is the deliverable, to be combined with W2's proven fast reduction next. Do NOT do dense Jacobi or structure/diagonal routing (both measured dead)."
2026-06-30T07:20:01.931869,0,1,0,N/A,validation_error,7d9f4eb5e046b80d229d1dff8ca45cb7bebd61fd,"Batched Cuppen D&C tridiagonal eigensolver VALIDATED in isolation (recon 1e-4..6e-3, orth ~4e-6 incl clustered/near-diag/mixed-mag/logspace) and FAST: vs cuSOLVER tridiag solve n=512 B640 2.97x (47 vs 140ms), n=1024 4.17x, n=2048 7.34x. End-to-end with a temporary Householder front-end: 30/39 test shapes pass; 9 fail in the FRONT-END on hard spectra (n=512 nearrank/repeated/rowscale orth loss; n=1024 high/low-magnitude NaN/tiny). D&C core is sound; the Householder front-end is fragile (to be replaced by W2's robust tensor-core reduction). Next: robustify front-end (per-matrix scaling) or add residual-gated cuSOLVER fallback for a valid end-to-end benchmark."
2026-06-30T07:33:15.788729,0,1,1,497375.661,succeeded,98e14c38f4b8d0f8fd22c04bb974ebcf58579cc0,"End-to-end D&C pipeline VALID: all 39 test shapes pass; benchmark check passes. Per-matrix scaling (fixes Householder FP32 overflow) + residual-gated cuSOLVER fallback (0.6x checker gates) for degenerate stragglers. Geomean 497376us = 8.8x SLOWER than baseline -- but bottleneck is the TEMPORARY Householder front-end (n=512 ~995ms O(n) Python panel loop), NOT the D&C. D&C isolation: 47ms n=512 (2.97x vs cuSOLVER tridiag 140ms), 23ms n=1024 (4.17x), 25ms n=2048 (7.34x). The fast D&C is the deliverable; pairing with W2's proven 3.9x tensor-core reduction (combine brief) is where the win materializes."
2026-06-30T07:54:25.221332,0,1,2,569680.269,succeeded,8d37c37c8617d830def1224459942247b02c11f0,"Type-2 Householder/Gu-Eisenstat deflation (segment-batched: group consec d within tol, fold z via per-group reflector, apply block-Householder to U rows). D&C now handles all BENCHMARK degenerate spectra directly (clustered/rankdef/nearrank/mixed/dense n=512 orth ~6e-6, recon <=3e-3) -- no cuSOLVER fallback for them. Only test-only 'repeated' (chained clusters spanning > tol, absent from benchmark) + extreme-magnitude fall back via residual gate. All 39 test shapes PASS. Geomean 569680us -- still dominated by the TEMPORARY Householder front-end (~1000ms/shape n=512), NOT the D&C (isolation 47ms n=512, 2.97-7.34x faster than cuSOLVER tridiag solve). Deliverable validated & robust; needs W2's fast reduction front-end (combine)."
2026-06-30T08:13:32.151003,0,1,3,824550.019,succeeded,65ca53f2a049d8ae1cd4d466f93ef155e05e3a0b,"D&C no-deflation fast path (skip block-Householder seg ops when all-singleton). Correct, all 39 tests pass. Geomean 824550us -- noisy/regressed, fully dominated by the TEMPORARY Householder front-end (~74% of time per nsys profile; n=512 ~1M us). D&C isolation timing on benchmark tridiagonals (the decision-relevant number): dense 2.20x, rankdef 2.43x, nearrank 2.31x faster than cuSOLVER tridiag solve, orth ~2e-6 (D&C cleanly wins these). clustered/mixed at batch 640 hit chained-cluster deflation gaps and fall back to cuSOLVER (correct but no speedup). D&C deliverable validated & robust-via-fallback; the win needs W2's fast reduction front-end (combine brief)."
2026-06-30T08:22:16.739544,0,1,4,567795.111,succeeded,327b0133be0e80e7ca15e4b4eeca1cf232301330,"D&C leaf=64: clustered n=512 B640 now solves cleanly via D&C (raw num_bad 1->0/640, orth 1e-6); mixed stragglers ~13/640 still fall back. All 39 tests pass. Geomean 567795us -- stable, fully dominated by the TEMPORARY Householder front-end (n=512 ~1M us). D&C deliverable: validated, robust (dense/rankdef/nearrank/clustered solve via D&C; only mixed stragglers + extreme-magnitude fall back), isolation 2.2-2.4x faster than cuSOLVER tridiag solve on benchmark shapes (orth ~2e-6). The end-to-end win requires pairing with W2's fast tensor-core reduction (combine brief)."
2026-06-30T08:23:22.642356,0,1,N/A,N/A,brief_stop,N/A,"DELIVERED the missing gate: a batched Cuppen divide-and-conquer symmetric-tridiagonal eigensolver (W0's lane; complementary to W1's bisection/MRRR). Validated, robust, and FAST in isolation.

ARCHITECTURE (problems/linalg/eigh_py/submission.py): bottom-up balanced binary D&C; leaves (size 64) via batched cuSOLVER; merges via rank-1 update D+rho z z^T solved by (1) a bracketed-Newton CUDA kernel for the secular equation (one thread/root, FP64, deflation-aware next-active-pole bracketing), (2) Gu-Eisenstat/Loewner eigenvectors (orthogonal by construction), (3) Q<-blockdiag(Q1,Q2)@U recombine as batched GEMM. Type-1 (tiny-z) AND type-2 (coincident-d) deflation: the type-2 fold is a segment-batched block-Householder (group consec d within tol, fold z onto survivor via per-group reflector, apply H to U's rows via segment scatter_add) -- no Python loop.

ISOLATION SPEED vs cuSOLVER tridiagonal solve (the decision-relevant number): dense 2.20x, rankdef 2.43x, nearrank 2.31x, clustered 3.29x (47-78ms vs 138-171ms at n=512 B640; n=1024 4.17x; n=2048 7.34x earlier). Orthogonality ~2e-6 (Gu-Eisenstat), eigenvalues FP32 via FP64 secular solve.

ROBUSTNESS (D&C's edge on degenerate spectra, as predicted): with leaf=64, dense/rankdef/nearrank/clustered n=512 B640 ALL solve cleanly via D&C (raw orth ~1e-6, NO fallback) -- clustered/repeated/rankdef DEFLATE and are best-case. Remaining gap: 'mixed' has ~13/640 chained-cluster stragglers (transitive near-clusters spanning > fold tol, the one regime between machine-exact-fold and well-separated-active-poles) that fall back to cuSOLVER; extreme-magnitude also falls back. A per-matrix residual-gated cuSOLVER fallback (0.6x checker gates) guarantees validity: all 39 test shapes PASS.

END-TO-END: geomean ~568000us = REGRESSION, but profiled (nsys) to be ~73% the TEMPORARY Householder tridiagonalization front-end (n=512 ~1M us; its O(n) panel loop launches thousands of elementwise/gemv kernels). The D&C is only ~4-10% (secular_solve 3.6%). This is exactly the brief's deferred combine: pair my D&C with W2's PROVEN tensor-core dense->band reduction (3.9x faster than cuSOLVER at n=512). Projected combine for n=512: reduction ~24ms + D&C ~50ms + back-transform ~5ms ~= 80ms vs baseline 171ms = ~2.1x, and the D&C is robust on the clustered/rankdef/nearrank shapes where inverse-iteration (MRRR) is worst-case.

D&C vs bisection/MRRR DECISION INPUT: D&C wins cleanly on dense/rankdef/nearrank/clustered (deflation = best-case, orthogonal by construction, no reorthogonalization landmine). RECOMMENDATION: (1) a combine brief pairing this D&C with W2's reduction + back-transform (replace the Householder stub); (2) consider routing clustered/repeated/rankdef/nearrank shapes to D&C and the rest to whichever of D&C / MRRR is faster; (3) the residual-gated fallback is a ready safety net. Remaining D&C work if pursued: full LAPACK-grade chained-cluster deflation (stably-computed Gu-Eisenstat via secular psi/phi partial sums) to eliminate the 'mixed' stragglers' fallback."
2026-06-30T08:28:15.419051,0,2,N/A,N/A,brief_start,N/A,"Your Cuppen D&C is the run's strongest solver: validated, orthogonal-by-construction, and FASTER than cuSOLVER in isolation on every shape (dense 2.2x, rankdef 2.43x, nearrank 2.31x, clustered 3.29x at n512; n1024 4.17x; n2048 7.34x), with NO fallback needed on dense/rankdef/nearrank/clustered. Your only regression is the temporary Householder front-end (73% of time). COMBINE to cash it in: parent 1 (327b0133b, your D&C) + parent 2 (W2's 13ec13a, which has the validated tensor-core dense->band reduction + bulge-chase to tridiagonal + WY-grouped back-transform). Replace your slow Householder front-end with W2's reduction->tridiagonal path to get (d,e), feed YOUR D&C solver (it beats W1's MRRR on clusters and needs no cluster fallback), then W2's back-transform for Q. BENCHMARK the full pipeline with harness/benchmark.sh and report the per-shape us for all 13 shapes vs baseline 56238 - I need a MEASURED geomean, not a component-sum projection. The whole run has fast validated pieces but ZERO committed sub-baseline result; your job is to produce the first real one. If W2's chase is still the slow link (~246ms n512), note it - but D&C on the tridiagonal from a one-stage reduction may already win at the smaller shapes; measure and report which shapes win. Commit + log every benchmarked iteration."
2026-06-30T08:35:48.488756,0,2,0,212726.073,succeeded,0a53e79adbd2c3418cb891999063c7b94875a50f,"COMBINE W2 reduction + W0 D&C. All 39 tests PASS. MEASURED geomean 212726us (baseline 56238) -- 3.8x slower but 2.7x better than Householder version. Per-shape: n=32/176/352 at baseline (cuSOLVER, W2 routes n<512 there); n=512 ~800000us (4.7x slower, W2 reduction ~109ms + bulge-chase ~246ms dominate); n=1024 ~680000us; n=2048 1325151us. W2 front-end (reduction+chase) is the bottleneck at n>=512, NOT the D&C. Small shapes already baseline. Need: faster chase OR route smaller n=512 differently."
2026-06-30T08:45:23.728882,0,2,N/A,N/A,brief_stop,N/A,"COMBINE built, validated, and MEASURED (commit 0a53e79): W2's tensor-core reduction + bulge-chase + WY back-transform with W0's batched Cuppen D&C as the inner tridiagonal solve. All 39 test shapes PASS. Geomean 212726us (baseline 56238) = 3.8x slower, but 2.7x better than the Householder-front-end D&C (568k).

MEASURED PER-SHAPE (us; baseline in parens): n32=161(=base), n176=5792(=base), n352=20698(=base) -- W2 routes n<512 to cuSOLVER so these are baseline. n512=~800000 (vs ~170000, 4.7x SLOWER). n1024=~680000 (vs 105000). n2048=1325151 (vs 188000). The geomean CANNOT beat baseline because the 10 shapes with n>=512 are all slower and dominate.

ROOT CAUSE (n=512 B640 per-stage breakdown, measured): reduction dense->band=52ms (FAST, < cuSOLVER's ~94ms reduction), D&C=75ms (competitive), but chase band->tridiag=172ms AND eigenvector back-transform=325ms (the SINGLE LARGEST cost, bw-insensitive 325-397ms across bw=8/16/32) -- and the back-transform is also IMPRECISE (Q orth_err=2850 pre-orthonormalize, BF16 reflectors), forcing the residual-gated cuSOLVER fallback on many matrices. nsys: bulge_chase 21.9%, elementwise 18%, secular_solve(D&C) only 4.6%.

KEY ACTIONABLE FINDING: reduction(52ms) + D&C(75ms) = 127ms < baseline 170ms -- the FAST CORE IS SUB-BASELINE. What erases it is the eigenvector recovery through the band reduction: chase(172ms) + back-transform(325ms) = 497ms. The first sub-baseline win is blocked by W2's chase + back-transform (slow AND low-precision), NOT by the D&C.

RECOMMENDATION: (1) The integration win needs W2's ELPA blocked chase AND a fast+accurate eigenvector back-transform (accumulate Q2 explicitly during the chase -> one GEMM, in higher precision). (2) The reduction-forward + D&C is proven sub-baseline; pair it with a cheap eigenvector recovery. (3) For n<512 cuSOLVER remains best (any reduction front-end here is 10-100x slower than cuSOLVER -- measured reduce_solve+D&C n176=107ms vs cuSOLVER 5.8ms). (4) My D&C (commit 327b0133b) is the ready, fast, robust tridiagonal solver for whatever reduction lands. No measured sub-baseline geomean exists yet anywhere in the run; this combine pinpoints exactly which stage (back-transform) must be fixed to get one."
2026-06-30T08:47:04.713026,0,3,N/A,N/A,brief_start,N/A,"Your combine measurement is the run's key finding: reduction(52ms)+D&C(75ms)=127ms is ALREADY sub-baseline(170ms) at n=512; the win is erased ONLY by eigenvector recovery: chase(172ms)+back-transform(325ms). The back-transform is the SINGLE LARGEST cost AND imprecise (BF16 reflectors -> orth_err 2850 -> forces cuSOLVER fallback). Fix it on your combine branch 0a53e79. The back-transform applies the dense->band reflectors (Q1) to the tridiagonal eigenvectors: it is ~0.34 TFLOP at n=512 -> must be <5ms as batched tensor-core GEMM, not 325ms. Two fixes together: (1) SPEED - replace the sequential/per-reflector application with a batched compact-WY GEMM (build all block T-factors in one batched pass across blocks AND all 640 matrices, then larfb as batched GEMMs); or accumulate Q2 explicitly during the chase as you suggested so the final Q is ONE GEMM Q1@Q2@V. (2) PRECISION - do the back-transform reflector storage and application in FP32/TF32, not BF16, so orth_err stays small and the cuSOLVER fallback does NOT fire (the fallback is what makes it slow+wrong). Keep your D&C solver (327b0133b, fast+robust). Re-benchmark per-shape; with back-transform ~5ms and FP32 precision, n=512 = reduction 52 + chase 172 + D&C 75 + backtransform 5 = ~304ms in-proc -> still chase-bound, so ALSO report whether routing n=512 to cuSOLVER while keeping the custom path for n=1024/2048 nets a sub-baseline geomean. The fast core is proven; unblock the eigenvector recovery."
2026-06-30T09:00:41.245816,0,3,0,210013.220,succeeded,4410ba5375df2166be072db5ebc8435dc50fd4b1,"Fixed combine eigenvector recovery (q1 degenerate-panel skip + FP32 reduction + Q2 compact-WY for non-disjoint final group). Raw n=512 eig_res 0.96->0.039, orth 1.4->2.1e-3, all 39 tests pass. Geomean 210013us (was 212726). n=512 still ~800k: eig_res 0.039 still > fallback gate 0.003 so cuSOLVER fallback still fires (TF32 reduction precision). This is the chase-bound path coordinator says to abandon. PROBE done: monolithic (band64 48ms + chase32 172ms)=220ms > baseline 170; chase-from-bw8=68ms is cheap; multi-stage SBR needs BAND-AWARE narrowing to floor below baseline. Pivoting to that probe."
2026-06-30T09:04:13.035062,0,3,N/A,N/A,brief_stop,N/A,"Brief 3: fixed the combine eigenvector recovery (commit 4410ba5, all 39 tests pass) AND probed the chase-free multi-stage SBR direction. 

FIXES LANDED (foundation, reusable): (1) _dense_to_band skips the degenerate final panel (m<=bw) that destroyed q1 orthogonality (orth 3->1.2e-3); (2) FP32/TF32 trailing update not BF16 (q1^TAq1-banded 0.036->0.003); (3) _backtransform_reflectors handles the bulge-chase's non-disjoint final corner via correct compact-WY T-factor (Q2 orth 19->3.5e-3). Raw n=512 eig_res 0.96->0.039. (n=512 still falls back: eig_res 0.039 > fallback gate 0.003 due to TF32 precision; geomean 210013.)

MULTI-STAGE SBR PROBE -- MEASURED FLOOR (n=512 B640): the chase-free narrowing CANNOT beat baseline because the irreducible eigenvector-recovery sum exceeds cuSOLVER's whole eigh:
  - reduction dense->band: bw64=29ms, bw32=48ms, bw16=80ms, bw8=160ms (narrower band = more panels; NOT bottleneck).
  - chase band->tridiag: from bw32=172ms, bw16=116ms, bw8=68ms (sweet spot), bw4=99ms, bw2=177ms (tiny bands -> kernel per-reflector overhead dominates, MORE reflectors). Min chase ~68ms.
  - D&C solve: 75-77ms.  back-transform: 65ms (W2's optimized; mine 337ms with old code).
  FLOOR: chase(68) + D&C(75) + back-transform(65) = 208ms > baseline 170ms, INDEPENDENT of reduction/narrowing cost. Even free narrowing: 29+68+75+65 = 237ms. Multi-stage narrowing optimizes only the reduction (already cheap) and slightly the chase; it cannot break the chase+D&C+back-transform floor.
  Also: the bulge-chase kernel FAILS for n>512 (CUDA invalid argument) -- no working custom path at n=1024/2048, so the 'route n=512 to cuSOLVER, custom for n>512' option has no custom path to route to.

CONCLUSION: cuSOLVER's integrated sytrd+steqr (170ms n=512, and it loops per-matrix only above n=512) is too efficient; every batched reduce->tridiag->solve->backtransform variant (monolithic chase, multi-stage narrowing, one-stage Householder) floors at or above baseline because the eigenvector recovery (chase + back-transform) is fundamentally O(n^3)*batch and >= cuSOLVER's full cost. The earlier 'reduction 52 + D&C 75 = 127 < 170' was a partial sum that omitted the (expensive) chase + back-transform.

RECOMMENDATION: (1) The custom batched path cannot produce a sub-baseline geomean at n>=512; baseline parity via routing-to-cuSOLVER is the safe floor. (2) Lean on W2's inverse-iteration path (faces the same eigenvector-recovery floor; if W2 measures sub-baseline I'd want to see which stage they cut). (3) My D&C (327b0133b) and the fixed reduction/back-transform (4410ba5) are validated, reusable assets. (4) I do NOT recommend building band-aware narrowing -- the measured floor proves it won't beat baseline. Closing brief 3; ready for a new direction (e.g. attack the back-transform to <5ms, or a fundamentally different non-reduction approach)."
2026-06-30T09:07:18.205654,0,4,N/A,N/A,brief_start,N/A,"Your measured eigenvector-recovery floor (chase68 + D&C75 + backtransform65 = 208ms > baseline 170 at n512) has TWO inflated components worth attacking: the back-transform is 65ms but its roofline floor is ~30ms (2.9 TFLOP at ~1000 TFLOPS TF32), and the D&C 75ms likely includes W1's heavy tridiag_eigh WRAPPER (NS orthonormalize + O(B n^2) guards, which W1 measured at 220ms@n2048 and is stripping now). Drive the BACK-TRANSFORM to its ~30ms floor: it applies the ~n^2/2bw stored reflectors to the eigenvectors. Make it a clean batched tensor-core GEMM in BF16 (the loose orth tol 0.6% absorbs BF16; your CholeskyQR2 cleanup catches residual) - compact-WY block form, ONE batched larfb across all 640 matrices, T-factors precomputed in one batched pass. Measure back-transform cost before/after at n512/n1024. THEN recompute the floor with (a) your tuned ~30ms back-transform and (b) W1's stripped solve (~10-20ms not 75ms): chase68 + solve15 + backtransform30 = ~113ms < baseline 170 = a WIN at n512 via the bulge-chase path after all. If that holds, wire the n512 custom path to W1's router and we bank it. Also FIX the bulge-chase n>512 crash (CUDA invalid argument) so n1024 has a custom path too. Benchmark per-shape; hand any sub-cuSOLVER shape to W1's router."
2026-06-30T09:16:59.606377,0,4,0,181917.854,succeeded,952b215480a7d0bc546fd31001f3e2f0dbf045df,"Fast compact-WY back-transform (327->47ms at n512 B640): 128-wide WY blocks, all T-factors in one batched triangular solve, ~34 reverse-order TF32 GEMMs. Loosened fallback gate 50->150*n*eps (was stricter than checker, forced 100% fallback; now ~4/640). All 39 tests pass. Geomean 181918us (was 210013), n=512 shapes 800k->520k. Still chase-bound: bw=32 chase ~179ms dominates (+ D&C 90 + reduction 51 + backtransform 47 + post-proc ~= 520ms harness). Need chase down to ~68ms (bw=8 via band-aware narrowing) for the ~128ms floor / n512 win."
2026-06-30T09:19:46.709990,0,4,N/A,N/A,brief_stop,N/A,"Brief 4 DELIVERED the back-transform fix (commit 952b215, geomean 210013->181918): rewrote _backtransform_reflectors as fixed 128-wide compact-WY blocks (vs ~480 sequential per-column groups), ALL T-factors in one batched unit-upper-triangular solve, ~34 reverse-order TF32 GEMMs -> 327ms -> 47ms at n=512 B640, Q2 orth 3.5e-3. Loosened the _eigh_two_stage fallback gate 50->150*n*eps (was stricter than the checker, forced 100% fallback; now ~4/640). All 39 tests pass.

BUT n=512 still 520k vs baseline 170k (3x slower). PROFILE (nsys) is now decisive: bulge_chase = 34% (170ms, the single dominant kernel) -- W2's chase ALONE ~= cuSOLVER's whole eigh. My back-transform is no longer a top cost (fixed). bw tuning doesn't help (reduction-side red+chase+backtransform: bw32=275ms optimal; bw8 chase drops to 68ms but back-transform explodes to 169ms from 16512 reflectors). n>512 chase needs smaller bw to fit SMEM (n1024 bw16 OK) but then reflector count explodes (33k@n1024, 262k@n2048) -> custom 5x slower than cuSOLVER. CONCLUSION: the bulge-chase path cannot beat cuSOLVER at any n>=512; the chase is the wall (W2's lane / ELPA kernel).

The back-transform fix is reusable infrastructure. Closing brief 4 to pivot (per coordinator) to fused small-N Jacobi for n<=352 -- the geomean-winnable overhead-bound shapes (n=32 161us is pure cuSOLVER launch overhead). I built Jacobi kernels in brief 0 to reuse. (Also surfaced: a block/banded Cuppen D&C that solves the band directly would ELIMINATE the 170ms chase -- a possible future direction in my lane.)"
2026-06-30T09:28:38.647395,0,5,N/A,N/A,brief_start,N/A,"MEASURED: small shapes are vector+overhead-bound (n=32 eigh 18ms vs eigvalsh 0.2ms = 99% overhead/vectors; n=176 eigh 51ms vs eigvalsh 5.6ms = 89% vectors), so they are WINNABLE; large shapes n>=512 are reduction-bound (eigvalsh~eigh, cuSOLVER owns them - 4 measured dead ends, STOP attacking large reduction). Build a FUSED SMALL-N JACOBI (reuse your brief-0 Jacobi kernels): batched two-sided Jacobi, ONE CTA per matrix, whole nxn + eigenvector accumulator resident in shmem/registers, ONE kernel launch for the batch, parallel/chess ordering (k/2 rotations/round, two-phase row-rot/barrier/col-rot/barrier), warp-shuffle reductions, FP32, eigenvalues ascending. Target n=32 b20 (161us harness, ~pure overhead -> the SUREST win, arithmetic is ~0 per eigvalsh) and n=176 b40. PROBE FIRST: measure fused Jacobi vs cuSOLVER on n=32 and n=176; n=32 first (surest). Validate correctness on those shapes' test cases. The INSTANT it beats cuSOLVER on n=32, hand the commit to W1's router (_small_jacobi_path, add n to _SMALL_JACOBI_N) - that's the run's first real sub-baseline win. n=352 may exceed SMEM (W2 is taking medium shapes); you focus n=32/176 where one-CTA-resident fits."
2026-06-30T09:48:23.518868,0,5,0,65493.613,succeeded,c9adc907294900ab05e1d62c0f0b34596ffd3206,"Fused small-N Jacobi for n=32: bank-conflict-free (padded LD=k+1, fixed the 5.5ms->1.6ms naive version), precomputed chess schedule, V ping-pong, no register spills. Correct (recon 2e-5, validation PASS). MEASURED n=32 B20 harness=1147us vs cuSOLVER 161us = 7x SLOWER. Kernel-only 986us. cuSOLVER's n<=32 path IS the tuned syevjBatched (not pure overhead, contradicting the premise); + 20 matrices under-utilize 148 SMs (one-CTA + 135KB SMEM -> 3 blocks/3 SMs, latency-bound ~4.5us/round). Geomean 65493 (regression). n=32 NOT winnable vs vendor batched-Jacobi. Assessing n=176 (cuSOLVER loops syevd there = overhead-bound, but FP32 one-CTA-resident >227KB SMEM)."
2026-06-30T09:53:24.404327,0,5,1,55997.161,succeeded,0a9d653a6ae8d4db84036e8a51a81ce3fef19831,"Routed all shapes to cuSOLVER (baseline parity, geomean 55997, all 39 tests pass). MEASURED CONCLUSION: fused small-N Jacobi does NOT win. n=32: cuSOLVER's syevjBatched + cross-call kernel overlap = 162us/call in the harness's pipelined 50-call regime, vs my fused+sort 1019us/call (reproduced exactly) -- cuSOLVER's n<=32 path is a tuned BATCHED Jacobi that pipelines, NOT pure launch overhead. n=176/352: one-CTA-resident FP32 needs 498KB >> 227KB SMEM (doesn't fit at any MPB). warp-per-matrix spills on col-phase dynamic column indexing. Fused-one-CTA-Jacobi approach is not viable for the small shapes."
2026-06-30T09:53:52.667605,0,5,N/A,N/A,brief_stop,N/A,"Brief 5 (fused small-N Jacobi) EXHAUSTED with a clear measured negative result. Built a correct, optimized fused two-sided Jacobi (one CTA/matrix, bank-conflict-free padded SMEM LD=k+1, precomputed chess schedule, V ping-pong, no register spills; recon 2e-5, validation PASS). Final state routes all shapes to cuSOLVER = baseline parity (geomean 55997, no regression); kernel kept in-file for the record.

WHY NO WIN (all measured):
1. n=32: cuSOLVER's n<=32 path is the TUNED syevjBatched, and in the harness's pipelined 50-sequential-call benchmark regime its tiny kernels OVERLAP across calls -> 162us/call amortized. My fused+sort = 1019us/call (reproduced the harness 1147us exactly). My one-CTA kernel uses 135KB SMEM -> 3 blocks, no cross-call overlap, sync-latency-bound (~4.5us/round x 217 rounds). cuSOLVER's small-n is NOT pure launch overhead (the coordinator's premise came from a COLD 18ms wall-clock; the warm/pipelined number is 162us and efficient). Event-loop on a SINGLE big batch shows fused ~= cuSOLVER and fused WINS at M=640 -- but the benchmark's many-small-calls regime favors cuSOLVER's overlap, which my SMEM-heavy kernel cannot match.
2. n=176/352: a one-CTA-resident FP32 layout needs 4 buffers x 176x177x4 = 498KB >> 227KB opt-in SMEM -- does NOT fit at any MPB (FP16 4-buffer still 249KB). The brief's assumption that n=176 fits one-CTA is incorrect. So the fused-one-CTA approach is infeasible for the medium shapes.
3. warp-per-matrix (avoids block syncs) does not help: the col-phase's data-dependent column indexing (arow[p], arow[q] with runtime p,q) forces register arrays to spill to local memory.

RECOMMENDATION: the fused-Jacobi small-N path does not beat cuSOLVER. If small shapes are truly winnable, the mechanism is NOT a one-CTA Jacobi -- it would need either (a) a multi-CTA-per-matrix tiled solver for n=176/352 that out-pipelines cuSOLVER's per-matrix syevd loop, or (b) something exploiting structure the benchmark may not have (W2 measured 94-99.7% off-diagonal, so diagonal fast-paths never fire). Across all my briefs (0-5), every custom approach floors at >= baseline; cuSOLVER (batched syevjBatched for n<=32, looped syevd for n>32, fused sytrd+steqr) is a very strong baseline on these shapes. The run's best committed result remains baseline parity (~56000). My reusable assets: the validated Cuppen D&C tridiagonal solver (327b0133b) and the fast compact-WY back-transform (952b215)."
2026-06-30T09:59:18.974140,0,6,N/A,N/A,brief_start,N/A,"The ONLY genuine win found is low-rank on the geometric n=1024 shape (1.5x, gate-passing; W2 has it + a working FP32+joint-CholeskyQR robust orthonormalizer). W2 measured dense512/dense1024 (52% eff-rank) LOSE at k=0.5n because the low-rank OVERHEAD (4 power-iters + complement orthonormalize + eigh(k)) exceeds the eigh(k)-vs-eigh(n) saving. Your job: make low-rank win MORE of the n=512/n=1024 shapes by CUTTING the low-rank overhead so it beats cuSOLVER even at k~0.5n. Concrete levers: (1) FEWER/CHEAPER power iterations - use your Cuppen D&C or a single-pass randomized range finder instead of multiple power iters; (2) cheaper complement - instead of orthonormalizing a full (n-k) complement, note the tail eigenvalues are lumpable (< 1.2% lammax) so the complement only needs to be orthonormal+orthogonal-to-Qdom, not accurate - use a cheap structured complement (e.g. the unused QR basis from the sketch, no re-orthonormalization); (3) the inner eigh(k) - use YOUR fast tridiagonal solver (327b0133b) on the small projected T instead of cuSOLVER. Target: dense512 (shape 3, the DOMINANT shape x5 weight if mixed/rankdef/clustered also concentrate) and dense1024 (shape 4) at NET sub-cuSOLVER. Per-matrix residual fallback for safety. Measure per-shape end-to-end. Coordinate with W2 (it owns the geometric path + orthonormalizer). Any shape that nets sub-cuSOLVER -> hand to W1's router. Stacking dense512 (x5 weight!) would be a major geomean win."
2026-06-30T10:13:27.683242,0,6,0,66149.796,succeeded,1c23fefe5517b4b736aa06f58f56456d1bb1a4ba,"Low-rank dominant-subspace eigh: dense512 (shape 3) WINS 135951us vs baseline 171025 = 1.26x. Cut overhead via subspace-iteration (re-ortho between power steps fixes Y rank-collapse), CholeskyQR2 (FP32 Gram, 10ms vs full-QR 857ms), FP32 Vd=Qd@G assembly (fixed orth 6e-3->6e-4), cheap projected-random complement (tail lumped to ~0), per-matrix residual fallback + whole-path cuSOLVER fallback on numerical failure. k=352 n=512: eig 7e-3, orth 6e-4, ZERO fallback on pure dense. BUT routing ALL n=512 to low-rank regresses non-decaying shapes (mixed 214k, rankdef 313k, clustered 273k, lapack_dense_even 352k -- spectrum not low-rank -> fallback double-cost). Geomean 66150 (net regression). Next: cheap RUNTIME stable-rank gate to route only decaying-spectrum matrices to low-rank."
2026-06-30T10:16:46.904320,0,6,1,56693.409,succeeded,4304ec38d91ef9b8252e914e567b1b1fc7fec971,"Runtime stable-rank gate (||A||_F^2/lammax^2 via 4 power iters) routes only concentrated matrices to low-rank, rest to cuSOLVER (avoids fallback double-cost); mixed batches split per-matrix. Threshold 45. Per-shape: dense512 137105 vs baseline 171025 = 1.25x WIN; rankdef/clustered/lapack_dense_even ~= baseline (gated to cuSOLVER); mixed512 191k vs 163k still slow. Geomean 56693 ~= parity (dense512 win offset by mixed512 regression + probe overhead). All 39 tests pass. Next: stop mixed512 regression so dense512 win nets through."
2026-06-30T10:19:04.469927,0,6,2,56934.733,succeeded,0b596ce9d16bbaed10a37a1115a9161e1377a782,"Low-rank batch-fraction gate (>=85% concentrated -> low-rank, else cuSOLVER). dense512 wins 137k vs 171k (1.25x) but geomean 56934 ~= parity: probe overhead on cuSOLVER-routed n=512 shapes offsets the single dense512 win (dense512 is 1 of 5 distinct n=512 cases, NOT 5x weight). CONCLUSION (matches W2): low-rank nets ~parity, not a geomean win. All 39 tests pass. Closing brief 6."
2026-06-30T10:19:04.551898,0,6,N/A,N/A,brief_stop,N/A,"Brief 6 (cut low-rank overhead) EXHAUSTED. Built a working randomized subspace-iteration low-rank eigensolver and CRACKED the dense512 win: 137105us vs baseline 171025 = 1.25x, ZERO fallback. Key fixes: subspace iteration (re-ortho between power steps fixes Y rank-collapse that broke CholeskyQR), CholeskyQR2 FP32 (10ms vs full-QR 857ms), FP32 Vd=Qd@G assembly (orth 6e-3->6e-4), cheap projected-random complement (tail lumped), runtime stable-rank gate + batch-fraction gate to route only concentrated batches. BUT geomean nets ~parity (56934): dense512 is only 1 of 5 DISTINCT n=512 benchmark cases (dense/mixed/rankdef/clustered/lapack_dense_even -- NOT 5x weight as hoped), the other 4 are not low-rank (eff_rank 384-512) so they go to cuSOLVER, and the stable-rank probe adds overhead. Matches W2's independent finding that low-rank is ~parity. Low-rank comprehensively closed. Reusable: the low-rank machinery + CholeskyQR2 orthonormalizer. Pivoting to the n=512 blocked-WY bulge-chase (the reopened lever now that W1's skip-NS solve is 26ms)."
2026-06-30T10:20:29.374088,0,7,N/A,N/A,brief_start,N/A,"THE single remaining live lever: the n=512 b640 band->tridiag CHASE is the wall (one-CTA ~172ms >= cuSOLVER 171ms). Everything else is measured-dead. With skip-NS solve (13-26ms, W1 a638e4a8c) + your fast WY back-transform (952b215 ~47ms) + reduction(bw32 ~51ms), the n=512 two-stage budget = 51 + chase + ~20 + 47 = 118 + chase; to beat cuSOLVER 171ms the CHASE must drop below ~53ms at n=512 b640. n=512 b640 = 640 matrices = GPU FULL with one-CTA-per-matrix (no cooperative grid, no underutilization - this is why n=512 is viable where n=1024/2048 cooperative-wavefront died). Build the BLOCKED-WY bulge-chase: process a PANEL of ~bw reflectors as a compact-WY block, apply trailing two-sided updates as batched tensor-core GEMMs, collapsing the ~8192 sequential __syncthreads stages to ~256 blocked GEMM stages (the lever the consult identified but was never built because the solve looked too expensive - now solve=13-26ms so the budget has room). PROBE: measure your best blocked-WY chase cost at n=512 b640, then full two-stage e2e (reduction + blocked-chase + skip-NS-solve + WY-bt) via harness/benchmark.sh. If chase < ~53ms, n=512 (x5 GEOMEAN WEIGHT) WINS. VERDICT IS THE FULL 13-SHAPE GEOMEAN < 56238 AND validate 39/39 (NOT an isolated shape number - a prior dense512 'win' was actually a geomean regression). Hand a verified sub-baseline-geomean commit to W1's router to submit."
2026-06-30T10:25:41.273830,0,7,0,N/A,succeeded,74317d631fd22e191f36007e1a878a361f683660,"Chase warp-shuffle reductions: 172->159ms at bw=32 n=512 b640 (correct, Q2^T banded Q2 vs T=3.4e-3). Only 8% -- chase cost is STRUCTURAL (trailing-update SMEM traffic over ~2W band region x ~8200 sequential bulges), not the reductions. The 159ms wall (>> 90ms bw=64 budget) needs the full blocked-WY restructuring (panel->WY block->deferred GEMM, ~256 stages) + sliding window for bw=64 (W=128=256KB>SMEM). Assessing blocked-WY feasibility next."
2026-06-30T10:30:38.009640,0,7,1,178547.404,succeeded,74317d631fd22e191f36007e1a878a361f683660,"Warp-shuffle chase checkpoint e2e: geomean 178547 (combine pipeline with my D&C + warp-reduced bw=32 chase 159ms). bw=32 path confirmed dead-end (chase 159ms >> 33ms budget). Pivoting to the WINNING path: bw=64 blocked-WY sliding-window chase (106ms budget; W2 reduction 31 + solve 13 + back-transform 21 = 65ms fixed). Building now: panel of reflectors -> compact-WY block (V_panel,T_panel) -> tensor-core GEMM trailing updates, sliding window (W=128 band > SMEM), emit per-panel WY blocks for W2's direct-GEMM back-transform."
2026-06-30T10:32:07.584477,0,7,N/A,N/A,brief_stop,N/A,"Brief 7 (n=512 chase): built + measured a warp-shuffle-reduction optimization of the one-CTA bulge-chase (commit 74317d6): replaced the two block-wide log(nt) __syncthreads reductions per bulge with warp-0 __shfl reductions (reflector support <=bw<=32 = one warp) + windowed v-zeroing. Correct (Q2^T banded Q2 vs T = 3.4e-3). Result: bw=32 chase 172 -> 159ms. e2e geomean 178547.

DECISIVE CHASE ASSESSMENT for the n=512 two-stage win:
- bw=32 chase = 159ms vs the ~33ms budget at bw=32 -> DEAD (warp-reduce only cut 8%; the cost is STRUCTURAL: per-bulge rank-2 trailing-update SMEM traffic over the ~2W-row band region x ~4096 sequential bulges, NOT the reductions).
- bw=64 budget is ~106ms (W2 reduction 31 + solve 13 + back-transform 21). BUT a NON-blocked bw=64 chase is ANALYTICALLY WORSE, not better: 2048 reflectors (half) x per-bulge update over 2W=256 rows (double) x band 128 = ~2x the bw=32 element-touches ~= 320ms. So bandwidth alone does not help; the per-bulge work grows with W.
- The ONLY path to <106ms is the full BLOCKED-WY (defer the far-field trailing updates of a reflector panel, apply as tensor-core GEMMs, ~256 GEMM stages vs ~8200 sequential rank-2 updates) PLUS a sliding window (bw=64 W=128 band = 256KB > 228KB SMEM). That is an ELPA-class one-CTA kernel with intricate bulge bookkeeping (near-field immediate update + far-field WY-GEMM defer + window streaming). 

HONEST STATUS: I built and measured the tractable optimizations (warp-reduce, bw sensitivity) and analyzed the blocked-WY, but a correct+fast+sliding-window blocked-WY chase is a multi-day kernel that I assess as beyond a reliable single-brief delivery (my localized warp-reduce attempt yielded only 8%, confirming the structural nature). RECOMMENDATION: (1) if the run can afford it, dedicate a focused effort to the blocked-WY sliding-window chase (the budget IS there at bw=64: 106ms target, ~2-3x cut needed from the ~320ms non-blocked); (2) otherwise n=512 two-stage cannot beat cuSOLVER and the run holds at baseline parity. My warp-reduce chase (74317d6) and fast WY back-transform (952b215) are reusable. Reporting the chase cost (159ms bw=32 / ~320ms-est bw=64 non-blocked) as the decisive number: it exceeds the budget without the blocked-WY restructuring."
2026-06-30T10:38:03.767743,0,8,N/A,N/A,brief_start,N/A,"MULTI-STAGE SBR (avoids the multi-day ELPA fat-band chase). Your fat-band chase is throughput-saturated + structural (work-volume, not latency — warp-shuffle only cut 8%); it loses at any bandwidth. The tractable path: GEMM-narrow the band in stages, then chase only a THIN band. Pipeline: dense->band64 (W2, 31ms) -> band64->band8 (W2 NEW blocked-Householder GEMM narrowing, ~15ms) -> band8->tridiag (YOUR thin chase) -> skip-NS solve (13ms) -> back-transforms. YOUR DELIVERABLE: the bw=8 (or bw=4/16, tune) THIN-band bulge-chase. At bw=8 the band window is 8*512*4=16KB - fits SMEM trivially, high occupancy, NO sliding window, well-conditioned. Your existing bulge-chase on a thin band should be ~30ms (vs 159ms fat-band). Optionally drop sub-threshold bulges (<0.3% ||A||) for 1.3-1.5x margin (loose tol allows; residual-gated fallback catches failures). PROBE: build the bw=8 thin chase, measure at n=512 b640 (target ~30ms). Coordinate with W2 (it builds band64->band8; you build band8->tridiag; tune the intermediate bandwidth where the thin chase stops dominating). Budget ~120ms < cuSOLVER 171ms = n=512 (x5 weight) WINS. Report your thin-chase cost. Verdict = full geomean < 56238 + 39/39 via W2's e2e integration."
2026-06-30T10:44:38.261405,0,8,0,N/A,succeeded,6c3a39a599d747f80b8c41b92128693cb91b3351,"DECISIVE measurements for n=512 winnability. Q1 THIN chase band8->tridiag (bw=8, 16KB SMEM, one-CTA): 50ms at n=512 b640, CORRECT (eig_res 9.2e-3 < gate 1.22e-2) -- TRACTABLE, half works. Q2a dense->band8 DIRECT (blocked Householder, bw=4): 324ms -- TOO SLOW (refutes; confirms W2). Q2b band64->band8 blocked chase: the band64 input is W=128=270KB > 228KB one-CTA SMEM -> REQUIRES sliding window = ELPA-grade wall (stop-early+blocked-WY doesn't avoid the wide-band sliding-window hard part). Fitting alternative dense->band32(80ms)+band32->tridiag chase(77ms)=157ms ~= baseline (no win). Sub-threshold bulge drop BREAKS the back-transform (eig_res 9e-3->1.4, invalid). VERDICT: thin chase (yours) works at 50ms, but getting to a thin band cheaply is the persistent wall (no path < 50ms: dense->band8=324ms; band64->band8=ELPA-grade). n=512 reduction-to-thin-band is the FRONTIER -> baseline parity unless someone builds the ELPA sliding-window wide-band chase."
2026-06-30T10:47:03.494676,0,8,1,57053.616,succeeded,6b0958b49f822e9ba98cd0f9ae6ac20fcc3acb53,"Baseline-parity final state (all->cuSOLVER, geomean 57054, 39/39 pass). Decisive n=512 verdict: thin chase band8->tridiag = 50ms CORRECT (tractable), but reduction-to-thin-band is the WALL: dense->band8 direct 324ms; band64->band8 ELPA-grade (W=128=270KB>SMEM, sliding window); fitting dense->band32+chase=157ms~=baseline. No path<50ms. n=512 is the FRONTIER."
2026-06-30T10:47:25.882640,0,8,N/A,N/A,brief_stop,N/A,"EXPERT READ on n=512 winnability (the two decisive questions), all MEASURED:

Q1 -- THIN chase (band8->tridiag), MINE: TRACTABLE and built. bw=8 one-CTA bulge-chase, 16KB SMEM (no sliding window), well-conditioned: 50ms at n=512 b640, CORRECT (eig_res 9.2e-3 < gate 1.22e-2). (bw=4 66ms, bw=8 50ms, bw=16 77ms; bw=8 optimal.) Half works.

Q2(a) -- dense->band8 DIRECT via blocked Householder: 324ms (my _dense_to_band bw=4). TOO SLOW -- refutes; confirms W2's ~150ms was optimistic. Narrowing to a thin band directly needs ~60 narrow panels.

Q2(b) -- band64->band8 as a BLOCKED bulge-chase: this IS the ELPA-grade wall, and stop-early+blocked-WY does NOT avoid it. Hard reasons: (i) the band64 INPUT is packed W=2*64=128 -> (128+4)*512*4 = 270KB > 228KB one-CTA opt-in SMEM, so it CANNOT be held in one CTA -> mandatory sliding window (the multi-day piece); (ii) the bulge-chase fill makes it a true two-sided chase, not a GEMM reduction; (iii) blocking the trailing update (WY) on a streamed window with bulge bookkeeping is the same kernel I assessed as multi-day in brief 7 (my warp-shuffle attempt on a FITTING band cut only 8%, confirming the cost is structural memory-volume, not latency). Stopping at band8 (vs tridiag) removes only the last few sweeps -- a minority of the work; the wide-band sliding-window machinery is unchanged.

FITTING alternative (largest one-CTA band is W=64 = band32): dense->band32 (W2, ~80ms) + band32->tridiag chase (~77ms) = ~157ms ~= cuSOLVER 171ms -> NO win (no margin).

Also: sub-threshold bulge drop (the optional 1.3-1.5x lever) is INVALID -- dropping a mid-chase bulge leaves it in the band, so the extracted tridiagonal is not similar to the band and the Q2 back-transform (built from kept reflectors) doesn't reconstruct it -> eig_res 9e-3 -> 1.4.

BLUNT VERDICT: neither (a) 324ms nor (b) ELPA-grade gets to a thin band under ~50ms; the FITTING path is ~baseline. n=512 reduction-to-thin-band is the PERSISTENT FRONTIER -- now confirmed across FOUR independent attacks: one-stage symv reduction, fat-band chase (159ms), low-rank (~parity), and multi-stage narrowing. The honest result is BASELINE PARITY. My final state routes all->cuSOLVER (geomean 57054, 39/39 pass, no regression).

IF the run commits to the ELPA wide-band sliding-window blocked-WY chase, the thin chase (50ms, commit 6b0958b) is ready to pair with it and the budget closes (~140ms < 171). Otherwise, recognize the frontier. Reusable: thin chase, warp-reduce fat chase (74317d6), fast compact-WY back-transform (952b215), validated Cuppen D&C (327b0133b)."
2026-06-30T10:49:22.839801,0,9,N/A,N/A,brief_start,N/A,"SUSTAINED multi-iteration build (operator: be bold, infinite time, big complex ideas). Build the ELPA-grade band64->band8 BLOCKED-WY sliding-window bulge-chase kernel (CUDA load_inline, one CTA/matrix) — the confirmed sole path to the n=512 win (x5 weight). Pieces around it proven: thin chase 50ms (6b0958b), W2 reduction 31ms, skip-NS solve 26ms, back-transform 21ms -> if this kernel lands ~60-90ms, full pipeline ~140ms < cuSOLVER 171ms = WINS. STAGED BUILD (commit each working stage): (1) correct SLIDING-WINDOW scalar bulge-chase on ONE small matrix (n=64/128), keep only ~3*bw=192 band columns resident in SMEM, stream as bulge front advances, verify offtri->1e-14 + eigenvalues preserved + bulge bookkeeping EXACT (where prior attempts failed - nail it small first); (2) add BLOCKED-WY far-field deferral (panel of ~bw reflectors -> compact-WY (I-VTV^T) as tensor-core GEMM, ~256 GEMM stages vs ~8200 sequential rank-2 updates; near-field immediate, far-field deferred), verify still correct; (3) batch over 640; (4) measure n=512 b640, profile with ncu to find the real bottleneck, target ~60-90ms. Emit per-panel WY blocks (V_panel,T_panel) for W2's back-transform. Pull W2 bw=64 band + W1 skip-NS solve for e2e. Report at each milestone (correctness, then speed). This is the run's one real shot — take the iterations needed."
2026-06-30T11:03:32.996377,0,9,0,N/A,succeeded,913c455507317b292f30ee992e09805e163b57db,"Stage 1 CORRECTNESS milestone: band(bw_in)->band(bw_out) CUDA chase kernel validated vs W2's oracle. Replicates reference_band_narrow bookkeeping (pivot c+bw_out, zero [c+bw_out+1:c+1+bw_in], chase step bw_in); fixed block-reduction (correct bw_in<=64) + 2*bw_in+1 diagonal storage (bulge fill). offband=0.0, eig_err 1e-6..1e-5, reflector counts match oracle at band16->4/band32->8/band48->8 incl n=512. SMEM limit: bw_in<=55 at n=512 (band64=264KB>228KB; W2 should target band<=48 OR sliding window). COST: scalar 183-196ms (too slow); Stage 2 blocked-WY (defer far-field as GEMMs) next for the 60-90ms target."
2026-06-30T11:11:23.263085,0,9,1,N/A,succeeded,6cc6fb97cf61607d0c616f3fee10dc18591c2eb1,"Band-narrow kernel: CORRECT (validated vs W2 oracle, offband=0, eig_err 1e-5 at band48->band8 n=512) + 2-warp reductions. SPEED WALL characterized: scalar/2-warp chase = 187-190ms at n=512 b640 (target 60-90ms). ncu: occupancy 12.5% (1 block/SM, 136KB band SMEM), L1/TEX 47%, compute 6.5% -- bottleneck is the SEQUENTIAL bulge count (2893 reflectors) x per-bulge band-update memory traffic at low occupancy. Thread sweep: nt=256 optimal (fewer threads slower). Reductions NOT the bottleneck (2-warp only 196->190ms). The fast path requires the ELPA PIPELINED-BULGE blocked-WY (overlap bulge fronts across columns + defer far-field as tensor-core GEMM) -- within-column reflectors are tightly coupled so blocking must be cross-column pipelining = multi-day kernel. CORRECTNESS FOUNDATION DELIVERED (the run's hard need); pipelined-bulge speed restructuring is the remaining gate."
2026-06-30T11:12:47.171873,0,9,2,N/A,succeeded,6cc6fb97cf61607d0c616f3fee10dc18591c2eb1,"Pipelined-bulge schedule PROTOTYPED (Python) and found NOT viable as a simple stagger: at n=512 even stagger=3 leaves 789 conflicting waves AND needs 1507 waves > 2893 sequential tasks (no speedup). The bulges from different sweeps interfere (chase steps want overlapping band regions); disjointness needs a bw_in gap the chase geometry doesn't provide. So naive cross-sweep pipelining does NOT parallelize -- the fast chase requires the full ELPA blocked-WY with sophisticated task scheduling (research-grade, multi-day; no shortcut found across 2-warp-reduce/thread-count/pipelining attempts). STATUS: CORRECT band-narrow kernel delivered (validated vs oracle, offband=0); speed wall (190ms, occupancy-bound) exhaustively scoped; fast restructuring is the multi-day ELPA kernel."
2026-06-30T11:16:02.477270,0,9,N/A,N/A,brief_stop,N/A,"ELPA chase build (the run's one real shot): DELIVERED a CORRECT fast-ish band-narrow kernel + DEFINITIVE speed-wall verdict. Branch tip 6cc6fb9 is baseline-parity (all->cuSOLVER, 39/39 pass, no regression); the band_narrow kernel is committed + validated as a reusable asset.

WHAT I BUILT (validated vs W2's oracle): band_narrow CUDA kernel (one CTA/matrix, packed band in SMEM) replicating reference_band_narrow's verified bookkeeping. offband=0.0 (perfectly narrowed), eig_err 1e-6..1e-5 FP32, reflector counts match the oracle EXACTLY at band16->4 / band32->8 / band48->8 incl n=512. Fixed the two real bugs: block/2-warp reduction correct for bw_in<=64 (old kernel's warp-0 reduce missed lanes>=32), and 2*bw_in+1 diagonal storage for the bulge fill. THE HARD CORRECTNESS PART (bulge bookkeeping that failed before) IS DONE.

SPEED -- exhaustively attacked, DEFINITIVE WALL: ncu shows the chase is OCCUPANCY-bound (12.5%, 1 block/SM from the band SMEM). KEY FINDING: occupancy (and speed) improves sharply at NARROWER bw_in -- bw_in=32 (1blk/SM) 171ms, bw_in=24 (2blk) 110ms, bw_in=16 (3blk) 80ms (all offband=0). So a narrow-band chase IS fast. BUT the band64 INPUT cannot be chased at all (2*64=128 diagonals = 264KB > 228KB SMEM); and reaching a chase-friendly narrow band is the wall:
  - dense->band32 (W2 ~80ms) + band32->band8 (171ms) = 251ms
  - dense->band24 (~100ms) + band24->band8 (110ms) = 210ms
  - dense->band16 (~160ms) + band16->band8 (80ms) = 240ms
EVERY split > baseline 171ms. The reduction(narrow) is slow exactly where the chase is fast, and vice-versa -- no common bandwidth wins. Multi-step narrowing is WORSE (each step pays a full chase). Naive cross-sweep pipelining does NOT parallelize (bulges conflict; stagger=3 needs MORE waves than sequential tasks). band->band has no bulge-free GEMM form (unlike dense->band).

VERDICT: the band-narrow chase is the irreducible wall. The blocked-WY that could break it requires ELPA's research-grade pipelined-bulge task-scheduling (within-column reflectors are tightly coupled, so blocking must be sophisticated cross-column scheduling -- a genuine multi-day/multi-week kernel, no shortcut found across 4 attack angles). The correct kernel is the foundation; if someone lands the ELPA scheduling, it plugs in. Otherwise n=512 holds at the confirmed FRONTIER = baseline parity. Reusable: band_narrow kernel (913c455/6cc6fb9, validated), thin chase (6b0958b), D&C (327b0133b), WY back-transform (952b215)."
2026-06-30T11:19:35.536250,0,10,N/A,N/A,brief_start,N/A,"The ELPA chase is confirmed beyond reach (multi-week pipelined-bulge scheduling; you built the CORRECT band_narrow kernel validated vs oracle, but it's occupancy-bound at 1 blk/SM and no reduction/chase split beats cuSOLVER on any shape - frontier confirmed mathematically). One last GENUINELY-DIFFERENT angle before consolidating, since correctness is solved and the wall is purely SMEM-occupancy: can the band_narrow chase run with a SMALLER resident SMEM footprint to raise occupancy past 1 blk/SM? The blocked-WY defers far-field updates to GEMM, so the CTA only needs the ACTIVE PANEL + bulge region resident (~3*bw_out columns, not the full 2*bw_in band). If you can chase band32->band8 keeping only ~24 columns resident (not 64), occupancy rises to 3-6 blk/SM and the chase could drop 3-6x (the 171ms band32 chase was 1blk/SM; at 4 blk/SM it might be ~45ms). PROBE: a register/small-SMEM-window band32->band8 chase where the trailing far-field update is deferred to a SEPARATE batched GEMM pass (not in the chase kernel) - splitting the chase into (a) a tiny-SMEM near-field rotation kernel + (b) a batched GEMM far-field apply. If that raises occupancy and dense->band32(51) + this-chase + band8->tridiag(50) + solve(13) + bt < 171, n=512 wins. If occupancy still can't beat baseline, CONSOLIDATE: confirm band_narrow committed as reusable asset, hold at baseline-parity frontier. Report the occupancy-split chase cost or the consolidation."
2026-06-30T11:22:39.787780,0,10,0,56989.875,succeeded,6cc6fb97cf61607d0c616f3fee10dc18591c2eb1,"Occupancy-split (two-pass) chase PROBED and REFUTED. The deferred far-field, applied as per-panel batched WY GEMMs, is INHERENTLY SEQUENTIAL (each panel's far-field update creates the next panel's bulge) -- MEASURED: 64 sequential far-field GEMM pairs alone = 123.7ms at n=512 b640 (~= the whole baseline 171ms), BEFORE the near-field kernel/reduction/solve. So the two-pass far-field is as expensive as the chase it replaces (the far-field FLOPs aren't small -- applying bw_out reflectors to the full trailing band x 64 panels = the full O(n^2 bw) work, sequential). Total two-pass pipeline ~280ms >> 171ms. CONSOLIDATE: every chase angle exhausted (single-kernel SMEM wall, blocked-WY scheduling, pipelining bulge-conflict, occupancy-split far-field-GEMM). n=512 holds at baseline-parity frontier (geomean 56990). band_narrow kernel committed + validated as reusable asset."
2026-06-30T11:22:59.294629,0,10,N/A,N/A,brief_stop,N/A,"CONSOLIDATION VERDICT (brief 10, the last structurally-different chase angle): the occupancy-split two-pass chase is REFUTED, and the n=512 chase wall is now confirmed across ALL FIVE attack angles. Honest probe per the directive.

THE PROBE: split the chase into a tiny-SMEM near-field rotation kernel (high occupancy) + a deferred far-field batched-GEMM pass. REFUTED by a direct measurement: the per-panel far-field WY-GEMM passes are INHERENTLY SEQUENTIAL (each panel's far-field update creates the next panel's bulge -> the dependency forbids batching the panels), and 64 sequential far-field GEMM pairs alone = 123.7ms at n=512 b640 -- already ~= the entire cuSOLVER baseline (171ms), BEFORE the near-field kernel + reduction + thin chase + solve + back-transform. The far-field FLOPs are NOT small (applying bw_out reflectors to the full trailing band x 64 panels = the full O(n^2*bw) chase work, just moved to GEMM and serialized). Two-pass total ~280ms.

CHASE WALL -- confirmed across 5 angles: (1) single-kernel SMEM wall (band64 = 264KB > 228KB); (2) blocked-WY = ELPA research-grade pipelined-bulge scheduling (multi-week); (3) cross-sweep pipelining doesn't parallelize (bulges conflict, stagger needs more waves than tasks); (4) narrower-band occupancy win is real (band16 chase 80ms@3blk/SM) but reaching a narrow band costs too much in reduction (no reduction/chase split < baseline across the full spectrum: 210-251ms); (5) occupancy-split two-pass far-field GEMMs are sequential + as-expensive-as-the-chase (124ms).

FINAL: n=512 reduction-to-tridiagonal is the irreducible frontier. The run holds at BASELINE PARITY (geomean 56990, 39/39 pass, no regression). 

DELIVERED THIS BRIEF-SET: a CORRECT, validated band_narrow CUDA kernel (offband=0 vs W2 oracle, eig_err 1e-5; commits 913c455/6cc6fb9) -- the hard correctness foundation, ready to plug into a future ELPA scheduling effort. Other reusable assets: thin chase (6b0958b), batched Cuppen D&C (327b0133b), fast compact-WY back-transform (952b215), low-rank machinery (0b596ce). RECOMMENDATION: consolidate at the frontier; the only remaining win requires a multi-week ELPA blocked-SBR kernel whose far-field is provably not cheaply parallelizable in this batched regime."
2026-06-30T11:40:48.436980,0,11,N/A,N/A,brief_start,N/A,"Operator mandate: be bold, infinite time, pursue big complex ideas. The genuine ELPA PIPELINED-bulge chase was assessed multi-week but NEVER ACTUALLY ATTEMPTED - only its naive non-pipelined form was refuted. ATTEMPT IT FOR REAL now. You have the validated band_narrow kernel (correct bulge bookkeeping, offband=0 vs oracle) - that's the foundation. The missing piece: CROSS-COLUMN PIPELINED bulge scheduling so MULTIPLE bulges chase the band concurrently within one CTA. The wall was occupancy (1 blk/SM from band SMEM) + sequential per-panel dependency. The pipelined-bulge approach (ELPA/PLASMA): partition the band sweep into a wavefront where bulge-front k+1 starts as soon as bulge-front k has advanced past the dependency distance (~2*bw rows), so a single CTA keeps ~(window/2bw) bulges in flight, hiding the per-bulge latency that made the sequential chase 159ms. Combined with a SLIDING WINDOW (only the active multi-bulge region resident, ~3-4*bw cols, not the full band). Build it staged: (1) 2-bulges-in-flight on one small matrix vs oracle (correctness), (2) scale to (window/2bw) bulges, (3) batch+measure n=512 b640. Target the chase < ~90ms so dense->band(W2) + chase + thin-chase(50) + solve(13) + bt < 171. This is the run's mandated big swing - take the iterations. Diff every stage vs W2's oracle (reference_band_narrow). Report correctness milestone then speed."
2026-06-30T11:42:50.099613,0,11,0,N/A,succeeded,891e37265,"Pipelined-bulge SCHEDULE validated (Python prototype vs oracle): wavefront W=alpha*c+k (c=sweep, k=chase-step). CORRECTNESS: offband 1e-15, eigenvalues preserved for ALL alpha at n=64/96/128/512 (wave-task order is a valid topo order = oracle result). CONCURRENCY/independence: alpha=4 gives ZERO conflicting waves (truly disjoint, parallelizable) with max_par=3 bulges-in-flight and 1724 waves vs 2893 sequential tasks at n=512 (5x fewer syncs + 3x parallel). This is the missing pipelining layer -- alpha=4 wavefront is correct AND parallelizable. Next: build the CUDA wavefront kernel (per-wave: process the <=3 disjoint tasks via thread-groups, 1 sync/wave) + sliding window, staged vs oracle."
2026-06-30T11:50:23.366555,0,11,1,N/A,succeeded,891e37265,"WARM-MEASURED existing chases at n=512 b640 (15 warmup + L2-clear + 30 reps), per W1's cold-clock alert. My chases were NOT significantly cold-inflated (they were synced before): band_narrow band16->tridiag 96ms, band24->tridiag 133ms, band32->tridiag 205ms; band16->band8 91ms, band32->band8 197ms; thin chase band8->tridiag 78ms. Reductions: dense->band64 60ms, band48 80ms, band32 107ms, band16 297ms. cuSOLVER n=512 b640 WARM (my L2-clear regime) = 223ms (NOT the harness's 171ms -- methodology differs; harness is authority). BUDGET ANALYSIS: no existing-kernel chain beats cuSOLVER -- the CHEAP reduction (band64 60ms) is UNCHASEABLE (SMEM 264KB); the chaseable narrow bands are EXPENSIVE to reach (dense->band16 297ms). dense->band32(107)+band32->tridiag(205)=312ms; dense->band16(297)+band16->tridiag(96)=393ms. The wall holds warm: cheap-reduction band is unchaseable, chase-friendly band is expensive to reach. The pipelined-bulge (in progress) could cut the chase ~2x (concurrency) but reduction+chase stays ~197ms (marginal vs 171). Continuing the pipelined build to confirm."
2026-06-30T11:54:58.419422,0,11,2,N/A,succeeded,b70681d8501c7a5a4f2d527ca6fd7af8f1bbf0d9,"PIPELINED-bulge wavefront chase BUILT FOR REAL + TESTED (the directive). Wavefront W=ALPHA*c+k, within-wave disjoint tasks on separate thread-groups (multiple bulges in flight). CORRECT vs W2 oracle: offband=0, eig 1e-6 at band16->4/band32->8 incl n=512 (ALPHA=12). DECISIVE MEASURED RESULT: pipelining does NOT break the wall -- the bulge update window is +/-2*bw_in wide, so bulges can't be disjoint without large stagger: ALPHA=6 RACES (eig 6.0 wrong), ALPHA=12 correct but concurrency->~1 (200ms = sequential, no speedup). The wide bulge window fundamentally caps in-CTA bulge concurrency. Combined with warm budget (no reduction+chase < 171ms: cheap band64 60ms unchaseable/SMEM; chaseable band16 reduction 297ms), n=512 is definitively at the frontier. Wavefront kernel correct@ALPHA=12, committed as reusable asset. The genuine pipelined-bulge is now BUILT and MEASURED (not assessed) -- it confirms the wall."
2026-06-30T11:55:47.787565,0,11,N/A,N/A,brief_stop,N/A,"BRIEF 11 -- the genuine pipelined-bulge chase BUILT FOR REAL + measured (the mandated big swing), not merely assessed.

DELIVERED: a cross-column PIPELINED-bulge wavefront chase kernel (wavefront order W=ALPHA*c+k, within-wave disjoint tasks on separate thread-groups -> multiple bulges in flight). VALIDATED vs W2's FP64 oracle: offband=0, eig_err 1e-6 at band16->4 / band32->8 small AND at n=512 (ALPHA=12). The wavefront SCHEDULE correctness (the hard part) is solved and committed (b70681d).

DECISIVE MEASURED VERDICT (the pipelining does NOT break the wall -- now MEASURED, not assessed): the per-bulge two-sided update window is +/-SD = +/-2*bw_in wide (the bulge fill), so consecutive bulges' update regions cannot be made disjoint without a LARGE wavefront stagger. ALPHA=6 -> bulges RACE (eig_err=6.0, wrong); ALPHA=12 -> correct but concurrency collapses to ~1 bulge-in-flight (200ms = sequential, NO speedup). The wide bulge window fundamentally caps in-CTA bulge concurrency: you can have correctness OR concurrency, not both, because the regions are 4*bw_in wide. This is the precise mechanism that makes the chase irreducible.

WARM-MEASURED (per W1's cold-clock alert, 15 warmup + L2-clear + 30 reps, n=512 b640): my chases were NOT cold-inflated. band32->tridiag 205ms, band16->tridiag 96ms, thin chase band8->tridiag 78ms; reductions dense->band64 60ms / band32 107ms / band16 297ms; cuSOLVER (my regime) 223ms. NO reduction+chase chain beats cuSOLVER: the CHEAP reduction (band64, 60ms) is UNCHASEABLE (264KB SMEM); the chaseable narrow band (band16) costs 297ms to reach. Confirmed across six attack angles now (single-kernel SMEM, blocked-WY scheduling, naive pipelining, occupancy-split far-field-GEMM, narrower-band occupancy, and the GENUINE pipelined-bulge built+tested here).

FINAL: n=512 holds at baseline parity (all->cuSOLVER, 39/39 pass, no regression). The pipelined-bulge wavefront kernel (correct@ALPHA=12) + sequential band_narrow + thin chase + Cuppen D&C + WY back-transform + low-rank machinery + W2 oracle are the validated reusable assets. The only theoretical n=512 win would need a fundamentally narrower bulge representation (research-grade), and the genuine pipelining -- now built and measured -- confirms the wide-window concurrency cap. Consolidating at the frontier."
2026-06-30T11:59:50.107066,0,12,N/A,N/A,brief_start,N/A,"Your big-n chase lane is genuinely exhausted (6 angles, you BUILT the real pipelined-bulge kernel and measured the wide-bulge-window concurrency cap — definitive; n=512 is cuSOLVER-optimal). PIVOT to the run's confirmed LIVE WIN: the fused MEGAKERNEL on small/medium shapes. W1 proved fusion wins there (n=176/352 use syevd not the overlapping batched-syevj; W2 measured n=176 fused = 1.9ms vs cuSOLVER 5.8ms = 3x REAL harness win). Geomean math: n=176+n=352 @3x = 1.18x (47493us) — the run's first real win. W2 owns the n=176 megakernel; YOU take the n=352 MEGAKERNEL (the SMEM-TILED variant — n=352=495KB > 228KB SMEM, so it needs tiling, a distinct harder kernel your in-CTA + SMEM-tiling expertise fits — you just built in-CTA chases). Build a fused one-CTA-per-matrix (or tiled) megakernel for n=352 b40: in-CTA/tiled Householder tridiag + Sturm-bisection eigenvalues + twisted eigenvectors + back-transform, minimizing HBM round-trips (tile the matrix through SMEM, keep stages fused). Target n=352 < cuSOLVER ~20.7ms (cuSOLVER loops syevd per-matrix; fusion kills the per-matrix launch overhead). Residual-gated cuSOLVER fallback per-matrix. Validate on n=352 test cases. Diff correctness; coordinate band/SMEM-tiling approach with W2 (it has the n=176 fused megakernel — reuse its in-CTA tridiag/solve structure, extend to tiled n=352). Hand to W1's router; full-geomean verdict < 56238 + 39/39. Report n=352 fused megakernel cost vs 20.7ms."
2026-06-30T12:07:25.894599,0,12,0,N/A,succeeded,b70681d8,"n=352 b40 budget measured (warm, L2-clear). cuSOLVER eigh 20.4-21.3ms (eigvalsh 19.9ms -- vectors nearly free; reduction+eigenvalues IS the cost). cuSOLVER is PARTIALLY BATCHED at n=352 (per-matrix cost drops with batch: B=10 1785us/mat, B=40 532, B=160 183 -- it overlaps, not a serial-loop target). My D&C on the tridiagonal = 12.4ms (FASTER than cuSOLVER's full solve!). BUT the reduction-to-tridiagonal is the wall: dense->band64 15.5ms + band64->tridiag chase 22ms; band approach = 37ms >> 20.4. So D&C's advantage is erased by the reduction. n=352 win requires reduction+solve<20.4ms batched -> reduction must be <8ms, but no measured reduction is <15.5ms. The only path is a FUSED in-CTA megakernel (FP16 lower-triangle, 124KB fits 228KB SMEM; FP32 lower-tri 248KB doesn't) avoiding reduction round-trips -- W2's n=176 approach (1.9ms, fits FP32) extended to n=352 via FP16. Attempting the fused FP16 in-CTA megakernel build."
2026-06-30T12:09:39.413365,0,12,1,N/A,succeeded,b70681d8,"n=352 win analysis COMPLETE (6 measurements). cuSOLVER n=352 b40 = 20.4ms, PARTIALLY BATCHED (per-mat 1785/532/183us at B=10/40/160 -- overlaps, not a serial-loop target); eigvalsh 19.9ms (the reduction+eigenvalue IS the cost, vectors ~free). My D&C SOLVE = 12.4ms (beats cuSOLVER's full solve!). BUT every reduction-to-tridiagonal is too slow for the ~8ms budget (=20.4-12.4): W1 batched Householder 180ms; dense->band64 15.5ms + chase 22ms = 37ms; cuSOLVER integrated 19.9ms. So D&C+any-reduction > 20.4ms. The ONLY win path is a FULLY-FUSED in-CTA megakernel (tridiag+solve+bt all in SMEM, no round-trips) -- but n=352=495KB needs FP16 lower-triangle (124KB) storage, and the FLOP-scaling from W2's n=176 (1.9ms) gives ~15-18ms total = MARGINAL vs 20.4ms, with FP16 precision risk + a large build. VERDICT: n=352 is marginal/unfavorable to win; n=176 (W2's confirmed FP32 in-CTA 3x win) ALONE delivers the run's sub-baseline geomean (~52000us). Recommend n=176 as the win; n=352 fused-FP16 megakernel is a large marginal-EV future swing."
2026-06-30T12:35:52.777352,0,12,2,N/A,succeeded,527f0abd6,"Built the FUSED full-eigh megakernel for n=352 (adapting W2's validated in-CTA Householder-tridiag -> Sturm-bisection eigenvalues -> twisted-factorization eigenvectors -> back-transform). First measured the SMEM-resident FP32 in-CTA reduction rate: n=232 FP32 = 2.6ms CORRECT (ev_err 1e-7), n=176 = 2.2ms; FP16 full-matrix DEAD at n>=320 (rel_eig_err 0.13, can't hold a 320-step Householder accumulation) -- so n=352 REQUIRES FP32 (496KB) > 228KB SMEM cap, forcing the matrix out of SMEM. Global-A variant (A in HBM, only v/p in SMEM) CORRECT everywhere (recon 7e-5, orth 6e-4, ev_err 2e-7), WINS n=176 (4.6 vs 6.3ms = 1.36x) but LOSES 2x at n=352: 43.9 vs 21.0ms (0.48x). Independently matches W2: residency is essential, global-resident loses."
2026-06-30T12:36:02.305643,0,12,3,N/A,succeeded,6d1c0a2dd,"Built the TILED reduction (panel-blocked compact-WY Householder with reflector V/W blocks SMEM-resident, trailing A in HBM) -- the genuine tiled attempt the brief demanded, distinct from naive global-A. CORRECT (ev_err 1.3e-7) but PB has NO effect (16/32/64 all 30.9ms): the per-reflector trailing-matrix HBM stream is the binding cost, unchanged by reflector-SMEM-residency. Reduction-ONLY = 30.9ms at n=352 b40, already 1.5x slower than cuSOLVER's COMPLETE eigh (21.4ms) for just stage 1 of 4. n=352 VERDICT (triangulated, 4 kernels): SMEM-resident FP32 reduction ~9ms-scaled but geometrically IMPOSSIBLE at n=352 (496KB>228KB); global-A 43.9ms; tiled-reduction-only 30.9ms; cuSOLVER 21.4ms. n=352 is on the WRONG side of the SMEM cliff. The fused-megakernel win (W2's n=176, in-SMEM) does NOT extend to n=352. Routing stays baseline-parity, validation PASS 39/39."
2026-06-30T12:36:30.354553,0,12,N/A,N/A,brief_stop,N/A,"BRIEF 12 COMPLETE (n=352 fused megakernel). I BUILT the fused full-eigh megakernel for n=352 (W2's validated in-CTA structure: Householder-tridiag -> Sturm-bisection eigenvalues -> twisted-factorization eigenvectors -> back-transform) in two residency variants and measured them warm/L2-clear. VERDICT: n=352 is NOT winnable with a fused megakernel -- it sits on the wrong side of the 228KB SMEM cliff. Triangulated across 4 correct kernels: (1) SMEM-resident FP32 reduction is fast (2.6ms@n=232, ~9ms FLOP-scaled@n=352) but n=352 FP32=496KB CANNOT fit SMEM, and FP16 is numerically DEAD at n>=320 (rel_eig_err 0.13 -- 320-step Householder accumulation overflows FP16); (2) global-A full fused = 43.9ms vs cuSOLVER 21.0ms (0.48x LOSS), though it WINS n=176 at 4.6 vs 6.3ms; (3) genuine TILED reduction (panel-blocked compact-WY, reflector blocks SMEM-resident) = 30.9ms reduction-ONLY, PB-independent, already 1.5x over cuSOLVER's COMPLETE 21.4ms eigh; (4) cuSOLVER 21.4ms. The binding cost is the per-reflector trailing-matrix HBM stream; the only theoretical win (rank-2PB blocked tensor-core GEMM) is exactly cuSOLVER's internal algorithm at 21ms and won't beat it in a single FP32 CTA with 40-way batch parallelism. This INDEPENDENTLY CONFIRMS W2's finding that residency is essential everywhere. The run's confirmed sub-baseline win is W2's n=176 in-SMEM megakernel (~1.9ms, 3x) -- the fused approach works at n<=176 (fits SMEM) but does NOT extend to n=352. My routing stays baseline-parity (custom_kernel -> _eigh_dense/cuSOLVER), validation PASS 39/39, no regression; n=352 probe kernels committed as a tested negative-result record (527f0abd6 global-A, 6d1c0a2dd tiled). W2 owns wiring n=176 into the router for the geomean win."
2026-06-30T12:40:37.030399,0,13,N/A,N/A,brief_start,N/A,"n=352 megakernel confirmed dead (SMEM cliff). NEW ANGLE on a BIG shape via extreme spectral structure: clustered512 (shape9, 138k us) has ONLY 2 distinct eigenvalue levels (all eigenvalues ~ -1 or +1, verified). For a 2-level symmetric spectrum the eigendecomposition is nearly trivial: eigenvalues are {-1,+1} (count each via cheap inertia/Sturm-sign), and the +1/-1 eigenspaces are the ranges of P+ = (A+I)/2 and P- = (I-A)/2. W2's earlier projector attempt failed ONLY on rank-deficient orthonormalization of ONE subspace's sketch (CholeskyQR singular). KEY UNTRIED INSIGHT: the COMBINED basis [P+ range | P- range] spans the FULL space (NOT rank-deficient jointly) - so a JOINT orthonormalization (QR or CholeskyQR2 of the assembled n x n Q after placing both subspaces) is well-conditioned. Concretely: (1) cheap detector - is A nearly 2-level? (||A^2 - I||/||A^2|| small, or W2's 2-level detector ||A^2-cI||/||A^2||=0.001 for clustered). (2) For detected 2-level matrices: form P+ = (A+I)/2, get its range via a FEW (1-2) randomized power iterations on P+ (P+ is a projector so power iteration converges in ~1 step!), same for P-, ASSEMBLE Q=[range(P+)|range(P-)], JOINT-orthonormalize (CholeskyQR2 on full n x n - well-conditioned since full-rank), eigenvalues = sign(diag(Q^T A Q)). All batched GEMM, no reduction/chase. (3) Route ONLY runtime-detected-2-level matrices to this; rest to cuSOLVER; residual-gated fallback. PROBE: measure on clustered512 b640 vs cuSOLVER 138ms + gate-pass. If it wins, it may extend to other structured shapes. The 2-level case is CLEANER than general low-rank (no joint rank deficiency) - that's why it may work where low-rank failed."
2026-06-30T12:57:34.481667,0,13,0,N/A,succeeded,fa6197814,"Two-level projector eigendecomposition WORKS and WINS clustered512. The coordinator's joint-orthonormalization insight is the key: P+=(A/s+I)/2, P-=(I-A/s)/2 projectors; per-subspace bases via re-orthonormalized subspace iteration; assembled n x n Q jointly orthonormalized via CholeskyQR2 (full-rank/well-conditioned where per-subspace was singular). MEASURED (all GATE PASS vs harness check_implementation): clustered512 b640 = 72.7ms vs cuSOLVER 138.1ms = 1.90x, eig_err 7.7e-6; n=1024 clustered b60 = 46.2ms vs 130.8ms = 2.83x; 6 seeds/batches all pass, 0/640 fall through the residual gate at power_iters=2 (fallback is pure safety net). Two load-bearing fixes: (1) +s-eigenspace rank from FP64 EINSUM trace -- FP32 torch.diagonal+sum cancels catastrophically (gave ~0 not 172), mis-sizing the blocks; (2) re-orthonormalized subspace iteration (not raw power) keeps CholeskyQR well-conditioned (raw pit=1 left 96/640 failing; reorth pit=2 leaves 0). ONLY clustered is 2-level among benchmark shapes (rankdef/nearrank/even/geometric have continuous spectra, frac>0.94 -- projector does NOT apply). Delivered _two_level_eigh as W1's _structured_2level_path plug; local router baseline-parity, validation PASS 39/39."
2026-06-30T13:33:26.051329,0,13,1,N/A,succeeded,78986a6c4,"Wired the two-level projector into custom_kernel (homogeneous-2-level-batch routing + cheap FP32 detector ||A^2-s^2 I||/||A^2||<0.02, crash-proof LinAlgError->cuSOLVER, per-matrix eigen-residual gate). Local benchmark exposed that ~111/640 clustered matrices land right at the 100*eps*n ORTHOGONALITY gate (within-cluster 1e-5 spread accumulated over 342 columns; single AND double FP32 joint-CholeskyQR cleanup both hit 0.0063 vs 0.0061 allowed) -- W1's canonical integration carries the orth-gated fallback that catches these, so the banked win (clustered512 2.2x, geomean 49906) is solid. The projector ALGORITHM is the delivered win; local routing is robust (never regresses) but its FP32 orthogonality is gate-marginal without W1's orth fallback. Brief 13 deliverable complete and banked via W1 fde68d747."
2026-06-30T13:33:26.132291,0,13,N/A,N/A,brief_stop,N/A,"BRIEF 13 COMPLETE: two-level projector eigensolver for clustered512 -- BANKED via W1 (clustered512 2.2x, geomean 49906, within 0.7% of the 49576 leaderboard bar). The coordinator's joint-orthonormalization insight was the key: P+=(A/s+I)/2, P-=(I-A/s)/2 projectors; per-subspace bases via re-orthonormalized subspace iteration; assembled n x n Q jointly orthonormalized via CholeskyQR2 (full-rank/well-conditioned where per-subspace was singular). MEASURED 1.9-2.45x standalone, 2.2x in W1's integrated benchmark. Two load-bearing fixes shared with W1: (1) +s-rank from FP64 EINSUM trace (FP32 diagonal-sum cancels to ~0, mis-sizing blocks); (2) RE-orthonormalized subspace iteration not raw power (raw pit=1 leaves 96/640 failing, reorth pit=2 leaves 0 eigen-fallbacks). Orthogonality is FP32-gate-marginal (111/640 at 0.0063 vs 0.0061) so W1's orth-gated fallback is required -- delivered that finding too. ONLY clustered is 2-level among benchmark shapes (rankdef/nearrank/even/geom have continuous spectra). Mixed confirmed a wash. Ready for brief 14 (lapack_geom low-rank)."
2026-06-30T14:02:47.677295,0,13,2,54487.000,succeeded,d3959aa98,"lapack_geom low-rank is a LIVE WIN at k=384 -- CONTRADICTS the 'accuracy-dead' call (which used k=355). The extra 29 dims cross the accuracy threshold: W2's wall (355th eigenvalue still 0.6% of max -> residual 5-10x over gate) DISSOLVES at k=384 where geometric decay drops the tail enough. HARD EVIDENCE (idle-verified util==0, 7 seeds): max eigen-residual 1.61-1.69e-2 vs HARNESS gate 2.44e-2 = 31-34% margin, 0/60 fallbacks, full check_implementation PASS every seed. Pipeline speed-feasible (W2 cracked the QR blocker with CholeskyQR2): Qd 8ms + inner eigh(384) 21ms + complement 20ms + FP64 gate 8ms = 58ms. shape12 102186->median 58337us = 1.748x; full geomean (my branch, lapack_geom routed) 57042->median 54487us (3 reads within 0.3%); projected stacked onto W1's 49524 = ~47444us. Detector = W2's participation_ratio ||A||_F^4/||A^2||_F^2 (geom 67 vs plain 110 vs nearrank 326, threshold 85, ~0.5ms), routed only when >=85% of an n=1024 batch is concentrated. Inner eigh NOT the bottleneck and not cheaply replaceable (D&C ~24ms; in-CTA hits n=384 SMEM cliff) -- pipeline is at its floor, STOPPED optimizing. Committed d3959aa98, ready for W1 to wire. The lever is NOT dead; it was a k-undershoot."
2026-06-30T14:42:48.145690,0,13,3,N/A,succeeded,0353e67c0,"rankdef512 + nearrank1024 low-rank: NEGATIVE (honest boundary of the lever). Ran my VALIDATED pipeline (the one that won geom) on both. rankdef512: non-zero rank is EXACTLY 384 (tail ~1e-8), k=384 passes the gate with 85% margin / 0/640 fallback (W2's 'dead' was a min-k/NaN artifact -- my pipeline runs it clean), BUT 384 is 75% of n=512 so inner eigh(384)x640 = 96ms ~ cuSOLVER's full eigh(512), only 1.06x (157 vs 166ms idle-verified), k=416 swings to 0.45x. AND un-routable: at n=512 participation_ratio ranks rankdef (163) ABOVE non-winnable plain512 (55)/mixed512 (56), and a rank-384 rangefinder captures plain512 just as fully (tail_frac ~1e-5 both) -- no cheap probe separates rankdef's exact-zero tail from plain's tiny-nonzero tail, so any threshold catching rankdef also catches plain/mixed -> ~1.9x REGRESSION. nearrank1024: top block [0.24,1.0] no sharp gap -> needs k=768 (3/4 of n) -> 0.97x loss. ROOT CAUSE: low-rank wins only when k<<n AND cheaply detectable; geom (k/n=0.375, pr 67 vs 110) qualifies, rankdef (k/n=0.75) and nearrank do not. No routing change, validation PASS 39/39, no regression. The low-rank lever is now fully mapped: 1 win (geom), 2 honest boundaries (rankdef/nearrank)."
2026-06-30T14:42:48.226585,0,13,N/A,N/A,brief_stop,N/A,"BRIEF 15 COMPLETE: rankdef512 + nearrank1024 low-rank = NEGATIVE (honest boundary). lapack_geom (banked, rank #7, k=384, 1.748x) remains the ONLY low-rank-winnable benchmark shape. rankdef512 wins only 1.06x (inner eigh(384) ~ full eigh(512) at n=512 since k/n=0.75) AND is un-routable (participation_ratio + rangefinder both fail to separate it from non-winnable plain512/mixed512 -- their tails differ only in exact-zero vs tiny-nonzero, indistinguishable cheaply, so routing it regresses plain/mixed ~1.9x). nearrank1024 needs k=768 (0.97x). All idle-verified. No routing change, no regression, 39/39. The low-rank lever is fully mapped. No genuinely-new structural lever remains beyond the exhausted families (reduction/chase/Jacobi/low-rank/two-level/fusion)."
2026-06-30T16:33:23.632384,0,13,4,N/A,succeeded,e0bbbd9d7,"FP8 in lapack_geom low-rank GEMMs: NEGATIVE on B200/torch 2.12 (honest boundary). Probed sketch A@Omega + projections in FP8. Three measured walls (idle-verified): (1) NO batched FP8 GEMM -- torch._scaled_mm is 2D-only so looping 60 matrices is launch-bound = 2560us vs 132us batched TF32 (19x SLOWER); torch._scaled_grouped_mm ERRORS on sm_100 ('Arch conditional MMA instruction used without targeting appropriate compute capability' + CUBLAS_INTERNAL). (2) Even a SINGLE 2D GEMM at my shape (1024x1024@1024x384): FP8 13.4us ~= TF32 14.2us -- already TF32-saturated, FP8 buys nothing (operator's 6.5x was 512x512 where TF32 is launch-bound; doesn't scale up). (3) FP8 cast+scale overhead ~150us PER GEMM dwarfs the 13us GEMM -> 166us total, 12x slower, unavoidable (inputs arrive FP32). FP8 helps only LARGE SINGLE 2D GEMMs that are TF32-launch-bound, not my batched-small compute-saturated workload. No code change, pipeline stays TF32/FP32, 39/39 PASS, lapack_geom holds 1.748x."
2026-06-30T16:33:23.712919,0,13,N/A,N/A,brief_stop,N/A,"BRIEF 16 COMPLETE: FP8 in low-rank pipeline = NEGATIVE (honest boundary). FP8 is real on B200 for large single 2D GEMMs (operator's 6.5x@512x512 confirmed-ish) but does NOT translate to my batched low-rank pipeline: (a) no working batched FP8 GEMM on sm_100/torch2.12 (_scaled_mm 2D-only -> loop is launch-bound 19x slower; _scaled_grouped_mm arch-broken), (b) my GEMMs at 1024-scale already saturate TF32 so FP8 buys ~0 even single-shot, (c) ~150us/GEMM cast+scale overhead. lapack_geom stays TF32/FP32 at 1.748x (banked, rank #7, geomean 46356). Relevant to W2's FP8-in-n176-megakernel probe: the cast overhead + sm_100 grouped_mm breakage are the walls. The three-win stack (clustered + geom + n176) is the standing result; the precision lever (FP8/NVFP4) is now mapped as a non-lever for batched eigh GEMMs on this stack."
