timestamp,agent_id,brief_id,iteration,linalg/qr_v2,status,commit,description
2026-06-19T19:12:13.757268,4,,N/A,1935.623,baseline,4320d93db0b6cd93d0c7c9b266e0c4b9d9941f6d,baseline
2026-06-19T19:35:50.690407,4,0,N/A,N/A,brief_start,N/A,"Attack the SMALL shapes shape0 (n32 B20, 10us), shape1 (n176 B40, 278us), shape2 (n352 B40, 736us) -- each weighs as much in the geomean as a huge shape, and they are launch/latency-bound at tiny batch, not compute-bound. Build a SINGLE persistent megakernel that factors the entire small batch with ZERO host round-trips and ZERO per-step kernel launches: one grid-resident kernel doing the whole blocked QR for n<=352, or a cudaGraph-style fixed replay (NO CUDA streams -- the remote rejects stream APIs). The current path issues many small launches whose overhead dominates at this size. Even a 2x on these three multiplies into the geomean. Validate HARD (these are well-conditioned cond1); interleaved A/B; profile in isolation. NEVER use 'timeout' or any shell-timeout wrapper -- the harness auto-backgrounds long commands."
2026-06-19T19:44:50.603718,4,0,0,2045.529,succeeded,aedc76c558d86ae0f6802ca934cb2010e5d22cfc,"Unblocked whole-matrix smem megakernel for n=176 (one CTA/matrix, whole matrix in 124KB smem, deep-pipeline 1-sync Householder over all 176 cols, zero per-step launches). Validates all 21 shapes. REGRESSION on n=176: 277->525us (1.9x slower) -- the 176-deep sync chain + shrinking per-col parallelism beats the host blocked path's batched cuBLAS trailing GEMMs. n=352 unchanged (megakernel OFF, won't fit smem). geomean 2045.5 vs 1936.7 baseline. Next: block the megakernel (short panel chains + one wide in-smem WY trailing apply per panel)."
2026-06-19T19:58:23.628336,4,0,1,2176.346,succeeded,688f301913bca40934ac4b2e7157da95a062b130,"Blocked in-smem WY megakernel for n=176 (PB=32, wide trailing W=VtC/X=TtW/C-=VX in smem). Fixed smem undercount (illegal access) + T->Tt in trailing (Q_panel^T). Validates all 21 (n=176 scaled_factor_resid 0.035, orth 0.57). REGRESSION: n=176 277->1112us (4x). KEY FINDING: a single CTA/matrix doing in-smem scalar-FMA matmuls at B=40 (40 CTAs/148 SMs) can't match cuBLAS device-wide batched tensor GEMMs; the host path's launches are NOT the bottleneck, GPU GEMM throughput is. Megakernel is a dead end here. geomean 2176 vs 1936.7. Next: profile baseline n=176 in isolation to find the real lever (likely the panel kernel or build_Minv, not launches)."
2026-06-19T20:06:02.607462,4,0,2,1933.845,succeeded,d73a875d3f706d6e7b1a48b023f25ad14853ea98,"Force TF32 tensor-op trailing GEMMs for n=176 (GemmEx COMPUTE_32F_FAST_TF32) + megakernel OFF. CLEAN isolation profile (no checker) of n=176 custom_kernel: PANEL kernel 71%, build_Minv 14.6%, trailing GEMMs ~14%. force_top makes the trailing GEMMs run cutlass_80_tensorop_s1688gemm (TF32 tensor cores) vs simt_sgemm, but they're only 14% so win is in noise: n=176 277.86 vs 277.35us, geomean 1933.8 vs 1936.7. KEY FINDING: n=176 is PANEL-KERNEL-bound (59.7us/panel x3 panels), NOT launch/GEMM-bound -- the brief's megakernel premise is wrong here. Next: attack the panel via two-level (short inner chain) or CholeskyQR2 (GEMM-bound, no serial Householder chain)."
2026-06-19T20:22:25.927637,4,0,3,1933.475,succeeded,12d8de9b10560df945d0983e44444b6cb2b9be99,"Tiny-shape dispatch fast-path: hoist n<=32 out of the _arms lambda-tuple so shape0 skips per-call closure allocs. NEUTRAL: the harness CUDA-event-times around the kernel, so host-Python dispatch is outside the timed region; shape0 stays 10.28us (GPU+launch floor). Final clean isolation profile (no checker) of n=176: PANEL 71%, build_Minv 14.6%, trailing GEMMs ~14% (now all cutlass tensor-op s1688gemm via force_top). Path confirmed at its tuned local optimum. Validates all 21, geomean 1933.5-1936.2 == baseline 1936.7."
2026-06-19T20:22:54.896791,4,0,N/A,N/A,brief_stop,N/A,"Brief exhausted; best geomean 1933.5us == baseline 1936.7us (no net improvement, no regression; safe committed state at 12d8de9). KEY FINDING that overturns the brief's premise: clean ISOLATION profiling (no checker) shows n=176/352 are NOT launch-bound -- they are PANEL-KERNEL-COMPUTE-bound (panel = 71% of n=176, 69% of n=352 GPU-active time; build_Minv ~15-18%; trailing GEMMs only ~14% and already tensor-op). The serial Householder panel chain underutilizes the device at B=40 (only 40 CTAs / 148 SMs) but is stall-bound, not gap-bound. Things TRIED and their results: (1) whole-matrix smem megakernel, unblocked: REGRESSED 277->525us (n-deep sync chain); (2) blocked in-smem WY megakernel: REGRESSED 277->1112us (single CTA's in-smem scalar matmuls can't match cuBLAS device-wide batched GEMMs) -- megakernel is a confirmed dead-end here, GPU-compute-bound not launch-bound; (3) CholeskyQR2: REGRESSED 822us AND numerically unstable (Gram A^T A not positive-definite even at cond=1 in FP32/TF32, needs FP64 Gram); (4) two-level for n=176: REGRESSED 514-671us; (5) force TF32 tensor-op trailing GEMMs (GemmEx COMPUTE_32F_FAST_TF32): NEUTRAL but correct (kept ON -- GEMMs now run cutlass tensor-op s1688gemm vs simt_sgemm, but they're only ~14% so win is in noise); (6) block sweep n=176 (30/44/60/88/176): block=60 already optimal; (7) n=352 bf16 OB/IB/warps/blk4 sweep: current config already optimal; (8) tiny-shape Python dispatch fast-path: NEUTRAL (harness CUDA-event-times the kernel, host-Python is outside the timed region; shape0 stuck at GPU+launch-latency floor 10.3us). CONCLUSION: shapes 0/1/2 are at their tuned local optima from prior workers; the panel is the irreducible bottleneck given single-CTA-per-matrix at B=40. SUGGESTIONS for the next brief: the ONLY untried lever with potential upside is a MULTI-CTA ROW-COOPERATIVE panel (split the m-row reductions across P CTAs to fill the idle ~108 SMs) -- the existing msplit machinery is build-light-pruned and bf16/two-level-entangled, so it would need a fresh clean impl; but expected payoff is low for n=176 (small m=176 -> per-column reduction too small to outweigh the cross-CTA barrier cost) and only marginal for n=352 (m=352). A better use of effort is the LARGE shapes (3,4,5,6,7) where absolute time dominates. Megakernel and CholeskyQR2 lines for n<=352 should NOT be re-explored -- both are measured dead-ends."
2026-06-19T20:32:27.401711,4,2,N/A,N/A,brief_start,N/A,"FRESH-SLATE EXPLORER rooted at main (the trivial torch.geqrf baseline) -- build a NEW clean QR from scratch, NOT a diff of the mature kernel. Goal: find a fundamentally different shape the mature hill-climbers cannot reach. Concretely explore library-first batched QR: try cuSOLVER geqrfBatched / the cusolverDn batched APIs directly (one call over the whole batch, emits compact (H,tau) natively -- exactly the checker contract), and CUTLASS/cuBLAS-composed blocked QR built clean. Measure each against the per-shape baselines. Even if it doesn't beat the mature kernel overall, a clean library path may WIN specific shapes (esp. small/medium n) and is a diversity hedge. Keep the whole submission small and readable. Branch off main 58e8bfd7. Validate HARD all 12 incl cond0; benchmark all shapes; report per-shape where the clean path wins/loses. NEVER use 'timeout' -- the harness auto-backgrounds long commands."
2026-06-19T21:12:27.404753,4,2,N/A,N/A,brief_start,N/A,"FRESH-SLATE EXPLORER rooted at main (the trivial torch.geqrf baseline) -- build a NEW clean QR from scratch, NOT a diff of the mature kernel. Goal: find a fundamentally different shape the mature hill-climbers cannot reach. Concretely explore library-first batched QR: try cuSOLVER geqrfBatched / the cusolverDn batched APIs directly (one call over the whole batch, emits compact (H,tau) natively -- exactly the checker contract), and CUTLASS/cuBLAS-composed blocked QR built clean. Measure each against the per-shape baselines. Even if it doesn't beat the mature kernel overall, a clean library path may WIN specific shapes (esp. small/medium n) and is a diversity hedge. Keep the whole submission small and readable. Branch off main 58e8bfd7. Validate HARD all 12 incl cond0; benchmark all shapes; report per-shape where the clean path wins/loses. NEVER use 'timeout' -- the harness auto-backgrounds long commands."
2026-06-19T21:12:40.541048,4,2,0,669246.310,succeeded,b00dd3d80700a257bd9f9f991c23279c04f0ac29,"v1 PURE cublasSgeqrfBatched for ALL shapes (one batched call, native compact H,tau). Validates ALL 22 test shapes (factor resid ~0.003). Clean library path ~95 lines. PER-SHAPE (us, sum over batch): s0 n32B20=335.9, s1 n176B40=20439, s2 n352B40=129349, s3 n512B640=540525, s4 n1024B60=3437140, s5 n2048B8=20322009, s6 n4096B2=129111867(!), s7=540481, s8=3437551, s9=540263, s10=540405, s11=3437471. geomean=669246us vs mature baseline 1935.6 (346x slower OVERALL). KEY: cuBLAS geqrfBatched COMPETITIVE only at tiny n (s0 within 6%, s1 within 2% of mature) and CATASTROPHIC at large n (s6 n4096=129 SECONDS -- serializes batch, no blocking/tensorcores). Next: hybrid cuBLAS-tiny + torch.geqrf-large."
2026-06-19T21:16:05.973534,4,2,1,132051.692,succeeded,fe65934c734be9dccbb5329fde2e63b90106c1a5,"v2 HYBRID: cuBLAS geqrfBatched for n<=48 (shape0 only), torch.geqrf (cuSOLVER blocked loop) for n>=176. Validates all 22. geomean=132052us (5x better than v1 669246, still 68x vs mature 1935). PER-SHAPE (us): s0=336, s1=20026, s2=51547, s3 n512B640=1077168, s4=243693, s5=77502, s6=54359, s7=1076252, s8=243465, s9=1064708, s10=1077212, s11=243695. ***MAJOR FINDING for the manager***: comparing v1(cuBLAS) vs v2(torch) per-shape reveals torch.geqrf uses cuSOLVER per-matrix LOOP for n>256 (640 serial launches at n512), and the cuBLAS BATCHED call is 2x FASTER than that loop on ALL FOUR n512 B640 shapes (s3/7/9/10: cuBLAS 540K vs torch 1077K us). torch's internal heuristic (cublas-batched only for n<=256) is SUBOPTIMAL at n512 B640. Conversely torch wins n352 (cuSOLVER-loop 51K vs cuBLAS 129K) and n>=1024 (vastly). So the optimal LIBRARY routing: n512->cuBLAS-batched, else torch.geqrf. Next iteration: implement that per-n routing."
2026-06-19T21:17:50.356045,4,2,2,104908.015,succeeded,cb96950d67cab342869a92b418d9e363d0861e2b,"v3 OPTIMAL LIBRARY ROUTING: cuBLAS geqrfBatched for n in {32,512}, torch.geqrf for n in {176,352,1024,2048,4096}. Validates all 22. geomean=104908us (best clean-library result; 20% better than v2 hybrid 132052; vs mature 1935 = 54x). PER-SHAPE (us): s0=334(cuBLAS), s1=20025(torch), s2=51571(torch), s3 n512B640=539711(cuBLAS, was 1077K via torch -- 2x WIN), s4=243695(torch), s5=77519(torch), s6=54352(torch), s7=539024(cuBLAS), s8=243483(torch), s9=538933(cuBLAS), s10=538983(cuBLAS), s11=243686(torch). The n512 B640 shapes (s3/7/9/10) dropped from ~1077K to ~539K by routing to cuBLAS batched. Clean & readable (~95 lines). Geomean now dominated by n512(539K x4) + n1024(243K x3). Next: attack n512 with a clean blocked compact-WY batched QR (custom panel kernel + cublasSgemmStridedBatched TF32 trailing) -- the cuSOLVER/cuBLAS library calls are the floor for library-only; a tensor-core blocked path can go lower."
2026-06-19T21:20:05.278283,4,2,3,N/A,validation_error,af5399516f636ca38a3afb006b39fa388a26795b,"v4 BLOCKED compact-WY QR for n=512 (custom batched panel kernel sgeqr2 in smem, PB=32, + cublasSgemmStridedBatched TF32 trailing). Builds, PASSES n512 DENSE + all n!=512 shapes, but FAILS ill-conditioned n512: test.11 n512 nearcollinear scaled_factor_resid=5.51 (>1.0), test.19 n512 mixed scaled=30.1. ROOT CAUSE: CUBLAS_TF32_TENSOR_OP_MATH trailing GEMMs lose precision; fine for well-conditioned but the nearcollinear/mixed-ill-conditioned n512 cases need full FP32 mantissa. The panel kernel itself is CORRECT (dense n512 passes at resid 0.003). Fix next: switch trailing GEMMs to FP32 (CUBLAS_DEFAULT_MATH / disable TF32)."
2026-06-19T21:22:00.617152,4,2,4,N/A,runtime_error,f10ad44263721b0009d2299890e76d8fad738e45,"v5 BLOCKED QR with FP32 trailing (CUBLAS_DEFAULT_MATH). VALIDATION (n512 B16) now PASSES incl nearcollinear (resid 0.025) and mixed (0.049). But BENCHMARK FAILS at n512 B640: benchmark.3 (DENSE cond2!) matrix=417 resid=10.3 scaled=399, b.7 mat600 scaled=91, b.9 mat329 scaled=505, b.10 mat367 scaled=670. Fails at SPECIFIC matrices out of 640, even on WELL-CONDITIONED dense -- so this is a BATCH-SIZE-dependent BUG (race/uninit), not pure conditioning (test B16 dense+illcond all pass). Suspect: panel kernel correctness at B=640 (smem 65KB/CTA, 3 CTAs/SM) or strided-GEMM indexing. Next: standalone probe blocked_qr vs torch.geqrf at B=640 to localize the error."
2026-06-19T21:32:34.655158,4,2,5,76582.741,succeeded,3e7f7673e2fa9c96aeb6143e686cf7b135d628ce,"v6 CLEAN BLOCKED compact-WY batched QR for n=512 (custom batched panel kernel: sgeqr2 in smem, PB=32, larfg+batched-larf; trailing update = 3x cublasSgemmStridedBatched FP32). Validates ALL 22. geomean=76583us (27% better than v3 104908; vs mature 1935 = 40x). BIG n512 WIN: s3 n512B640=214608 (was 539711 cuBLAS / 1077168 torch -> 2.5x faster than the best LIBRARY call, 5x vs torch!), s7=209790, s9=199582, s10=214537 (all ~2.5x vs cuBLAS). PER-SHAPE: s0=336,s1=20380,s2=51143,s3=214608,s4=242964,s5=77250,s6=54402,s7=209790,s8=242844,s9=199582,s10=214537,s11=243060. TWO BUGS FOUND+FIXED: (1) TF32 trailing fails ill-conditioned n512 (nearcollinear/mixed) -> use FP32 (CUBLAS_DEFAULT_MATH); (2) at B>=417 (3 CTAs/SM) the 65KB dynamic-smem panel OVER-SUBSCRIBES the SM -> non-deterministic corruption of random matrices; FIXED by padding dynamic-smem request to 96KB so floor(228/96)=2 CTAs/SM. This proves a CLEAN tensor-core blocked path beats the cuSOLVER/cuBLAS library FLOOR. Geomean now dominated by n1024 (243K x3) + n512 (214K x4). Next: route n1024 to the blocked path too."
2026-06-19T21:33:52.045361,4,2,6,76613.129,succeeded,42c56bd7f4f2469d7655fa6b80463c70f4179c95,"v7 route n=1024 to the blocked path as well. Validates all 22. geomean=76613us == v6 76583 (NEUTRAL, within noise). n1024 blocked: s4=243347, s8=243336, s11=243393 -- essentially IDENTICAL to torch.geqrf (243695). KEY FINDING: the blocked path TIES torch.geqrf for n1024 because at B=60 only 60 CTAs on 148 SMs = device-underfilled, so the one-CTA-per-matrix serial panel is latency-bound and cuSOLVER's per-matrix tensor-core geqrf matches it. The blocked path's 2.5x win at n512 came from B=640 filling the device. So n1024 stays best on torch.geqrf (same speed, simpler). Will revert n1024 to torch. Geomean floor for this clean approach ~76.6K, dominated by n512(214K x4)+n1024(243K x3); both ~40x off mature 1935 (the mature kernel is hyper-tuned and unbeatable by a clean library/blocked path)."
2026-06-19T21:37:38.676797,4,2,7,N/A,runtime_error,3e5bb81cc69959898f6a077c1f4b85dd8a0e3f3c,"v8 parallelize form-T dot products across threads (was O(pb^2*m) serial on tid0, suspected bottleneck) + reverted n1024 to torch. Validates B16 but FAILS n512 benchmark B640 (b.3 mat266 scaled=384, b.7/9/10 similar) -- specific matrices, like the earlier occupancy bug. Suspect either a sync/race in the new parallel form-T at high occupancy, or the form-T block_sum interacts with the 2-CTA/SM smem padding. Will probe to localize, then either fix the form-T sync or move V^T V to a batched GEMM outside the kernel."
2026-06-19T22:10:37.365174,4,2,8,41459.346,succeeded,d6d53e92da9d3a9f1f681ff5ca550a0a3a4b2040,"v9 BLOCKED QR n=512: FIXED a shared-memory RACE + PB sweep to 8. compute-sanitizer racecheck found a Read/Write hazard (73K hazards): all threads read P[j+c*m] to form w, then tid0 writes P[j+c*m] -- no barrier between. Benign at low occupancy, corrupts random matrices at high B (>~417). Fixed with one __syncthreads(). Then PB swept on n512B640 timing: 64->543K, 32->215K, 16->90K, 8->55K(w/2CTA cap), 8->33K(no cap). Removed the 2-CTA/SM smem cap (only needed for the racy PB=32; PB=8 panel=17KB is safe at high occupancy). Validates ALL 22. geomean=41459us (46% better than v6 76583; 2.5x better than pure-library v3 104908; vs mature 1935 = 21x). n512 shapes now ~33.5K each: s3=33523 (vs 539711 cuBLAS=16x, vs 1077168 torch=32x!), s7=33600, s9=32447, s10=33610. PER-SHAPE: s0=334,s1=20027,s2=51629,s3=33523,s4=243374,s5=77594,s6=54398,s7=33600,s8=243155,s9=32447,s10=33610,s11=243332. The clean blocked tensor-core path now CRUSHES every library call on n512. Geomean now dominated by n1024(243K x3). Next: apply the blocked path to n1024."
2026-06-19T22:13:00.394205,4,2,9,29700.213,succeeded,6de4109ecc0b20f3a4d8cbb7e4507c4d76d5e742,"v10 route n=1024 to the blocked path too (now that PB=8+racefix made it fast). Measured n1024 B60: blocked=64487us vs torch=243064us = 3.8x WIN (resid 0.0004). n2048 B8 (blocked 245K vs torch 77K) and n4096 B2 (blocked 983K vs torch 54K) STAY on torch -- batch too small to fill device one-CTA-per-matrix. Validates ALL 22. geomean=29700us (28% better than v9 41459; 3.5x better than pure-library v3 104908; vs mature 1935 = 15x). PER-SHAPE: s0=334,s1=20025,s2=51571,s3=33599,s4=64430,s5=77529,s6=54356,s7=33416,s8=64431,s9=32253,s10=33411,s11=64452. n1024 shapes (s4/8/11) dropped 243K->64K. Now dominated by n2048(77K)+n1024(64K x3)+n512(33K x4)+n352(51K). PROGRESSION: v1 cuBLAS-all=669246 -> v3 lib-routing=104908 -> v9 blocked-n512=41459 -> v10 blocked-n512+1024=29700 (22.5x over pure library). Next: n2048/n4096 need multi-CTA-per-matrix (out of clean scope); or tune the panel further; or n352."
2026-06-19T22:14:57.455289,4,2,10,20282.303,succeeded,153f4ac6d6671922c0d2b32982e77dc3d8c1656f,"v11 route ALL n<=1024 to the blocked path (measured blocked vs torch: n32 1.4x, n176 9x, n352 7.3x). Removed the now-unused cuBLAS routing (n32 also faster on blocked). Validates ALL 22. geomean=20282us (32% better than v10 29700; 5.2x better than pure-library v3 104908; vs mature 1935 = 10.5x). PER-SHAPE: s0 n32=227, s1 n176=2255(was 20025=9x!), s2 n352=6999(was 51571=7.4x!), s3 n512=33394, s4 n1024=64482, s5 n2048=76832(torch), s6 n4096=54428(torch), s7=33461, s8=64477, s9=32298, s10=33467, s11=64494. The clean blocked tensor-core QR now beats BOTH libraries on 9 of 12 shapes (all n<=1024). PROGRESSION: v1 cuBLAS-all=669246 -> v3 lib-routing=104908 -> v9=41459 -> v10=29700 -> v11=20282 (33x over cuBLAS-all, 5.2x over best library routing). Now dominated by n2048(77K)+n1024(64K x3); n2048/n4096 stay torch (B=8/2 underfill the one-CTA-per-matrix scheme). Next: profile the panel; consider n1024 panel tuning."
2026-06-19T22:24:20.425791,4,2,11,18904.846,succeeded,bce8e3f618dae291654264072dc22308f2e246b1,"v12 RUNTIME panel width (pbw passed to kernel, <=compile-time MAX PB=8): pbw=8 for n<=512 (occupancy-bound large batch), pbw=4 for n=1024 (round-bound small batch B=60). Measured PB sweep showed n512 wants 8 (33K vs 42K@4) but n1024 wants 4 (48.5K vs 64.5K@8). Validates ALL 22. geomean=18905us (7% better than v11 20282; vs mature 1935 = 9.8x). PER-SHAPE: s0=227, s1=2255, s2=7000, s3 n512=33572, s4 n1024=48583(was 64482), s5 n2048=77296(torch), s6 n4096=54354(torch), s7=33386, s8=48583, s9=32215, s10=33381, s11=48601. PROGRESSION: v1=669246 -> v3 lib=104908 -> v9=41459 -> v11=20282 -> v12=18905 (35x over cuBLAS-all, 5.5x over best library routing, ~9.8x off mature). Now dominated by n2048(77K,torch) + n1024(48.5K x3) + n512(33K x4). Remaining levers: n2048/n4096 multi-CTA (B=8/2 underfill); deeper panel-kernel tuning (profile shows panel is the serial bottleneck at low batch)."
2026-06-19T22:29:40.443642,4,2,12,N/A,runtime_error,55e68708043dd88bee9344ccc2a1d1cc84cc67d7,"PROFILING + TF32 experiment (negative). nsys (n512, full capture, checker kernels filtered out): MY panel_factor_kernel ~12% and MY trailing GEMMs are cutlass3x_sm100_simt_sgemm = SIMT FP32 (~47% of GPU time), NOT tensor cores. Tried CUBLAS_TF32_TENSOR_OP_MATH for the trailing GEMMs: benchmark FAILED exit 112 BROADLY (even shape0 n32 scaled=140, shape1 n176 scaled=20.9, shape7 scaled=33.6) -- single-pass TF32 loses too much mantissa for the factor_rtol gate. Reverted to FP32 (committed state == v12 18905us, this commit only updates the comment). FINDING for the manager: the clean blocked path's remaining headroom is engaging tensor cores on the trailing update WITHOUT precision loss -- requires 3xTF32 / error-corrected emulation (split each operand into hi/lo TF32 and sum 3 TF32 GEMMs), which a follow-up brief could pursue. Single-pass TF32 is conclusively too lossy."
2026-06-19T22:33:15.477847,4,2,13,18905.785,succeeded,2f69408c160758cf4c3ad3ee5c23211563ebe932,"v13 CLEANUP (final): removed dead cuBLAS geqrf path, accurate docstring. Behavior == v12. Validates ALL 22. geomean=18905.785us (vs mature 1935 = 9.76x; vs trivial torch.geqrf baseline this branch descends from, the pure-library best was 104908 so this is 5.5x over library-only; 35x over cuBLAS-everywhere). FINAL submission = a clean ~150-line blocked compact-WY batched QR: custom batched panel kernel (one CTA/matrix, sgeqr2 in smem emitting LAPACK (H,tau) directly, runtime panel width pbw) + cublasSgemmStridedBatched FP32 trailing update; routes n<=1024 to blocked, n>=2048 to torch.geqrf. PER-SHAPE (us): s0 n32=226, s1 n176=2250, s2 n352=7001, s3 n512=33423, s4 n1024=48550, s5 n2048=77385(torch), s6 n4096=54566(torch), s7=33530, s8=48525, s9=32348, s10=33513, s11=48559. Profiled n512 in isolation: panel kernel ~12%, trailing GEMMs ~47% on SIMT FP32 (tensor-core headroom blocked by precision). Profile saved at worker-4-brief-2-iteration-14-2f69408c.nsys-rep."
2026-06-19T22:34:39.581466,4,2,N/A,N/A,brief_stop,N/A,"FRESH-SLATE library/blocked QR done. Best=18905us at commit 2f69408c (clean ~234-line submission, branched off main 58e8bfd7). vs mature 1935=9.76x; but 5.5x BETTER than the best pure-LIBRARY routing (104908) and 35x better than cuBLAS-everywhere (669246). KEY LIBRARY FINDINGS: (1) cublasSgeqrfBatched emits the compact (H,tau) contract natively in ONE call, but is COMPETITIVE only at tiny n -- CATASTROPHIC at large n (n4096=129 SECONDS; it serializes the batch, no blocking/tensor-cores). (2) torch.geqrf routes n<=256 to cublasSgeqrfBatched and n>256 to a cuSOLVER per-matrix LOOP; at n512 B640 the cuBLAS batched call is 2x FASTER than torch's 640-serial-geqrf loop (torch's heuristic is suboptimal there). (3) cuSOLVER has NO batched geqrf. THE WIN: a CLEAN BLOCKED compact-WY batched QR -- custom batched panel kernel (one CTA/matrix, sgeqr2 in smem, emits LAPACK (H,tau) directly, runtime panel width) + cublasSgemmStridedBatched FP32 trailing -- BEATS BOTH LIBRARIES on every n<=1024: 9x@n176, 7x@n352, 16x@n512(vs cuBLAS), 3.8x@n1024(vs torch). PER-SHAPE WINS vs baseline-library: blocked wins shapes 0,1,2,3,4,7,8,9,10,11 (n<=1024); torch.geqrf retained for shapes 5(n2048 B8),6(n4096 B2) where one-CTA-per-matrix underfills 148 SMs. TWO BUGS FOUND+FIXED via compute-sanitizer: (a) a shared-memory Read/Write RACE in the panel kernel (all threads read P[j,c] for w, tid0 writes it) -- benign at low occupancy, corrupted RANDOM matrices at B>~417; one __syncthreads() fixed it. (b) single-pass TF32 trailing FAILS factor_rtol broadly. REMAINING HEADROOM (next brief): the trailing GEMMs are ~47% of GPU time on SIMT FP32 (NOT tensor cores) -- engaging tensor cores needs error-corrected 3xTF32 emulation (split operands hi/lo TF32, sum 3 TF32 GEMMs); could ~halve the n512/n1024 cost but risks ill-conditioned accuracy + C-split overhead. Also: n2048/n4096 need MULTI-CTA-per-matrix to fill the device at B=8/2. This clean blocked path is a strong diversity hedge -- a fundamentally different, readable shape from the mature kernel that decisively beats every stock library call where the batch fills the device."
2026-06-19T22:36:47.344329,4,2,N/A,N/A,brief_stop,N/A,"Reconcile duplicate brief_start (earlier killed duplicate a859171c left 2 starts/1 stop on brief-2); brief-2 genuinely complete (clean blocked QR beats both libraries n<=1024, retains torch.geqrf for n2048/n4096)."
2026-06-19T22:43:40.129687,4,4,N/A,N/A,brief_start,N/A,"FRESH-SLATE continue (your clean blocked QR already beats both LIBRARIES on n<=1024, but is 9.76x off the MATURE kernel). The multi-CTA group-barrier scheme already exists in the mature kernel -- so instead, push your clean kernel where it has a REAL shot at beating the mature kernel: the SMALL shapes (n32 B20=10us, n176 B40=278us, n352 B40=736us) where the mature kernel is overhead/panel-bound and your lean single-kernel design has less machinery. Make your clean panel kernel as fast as possible on n32/n176/n352 specifically -- one CTA per matrix, whole panel in smem, minimal launches, emit (H,tau) directly. If your clean kernel beats the mature kernel on ANY of these small shapes, that shape becomes a COMBINE candidate to graft into the mature kernel. Stay on your branch (off main), build on 2f69408c. Report per-shape vs the MATURE baseline (not just vs libraries). Validate HARD all 12. NEVER use 'timeout'."
2026-06-19T22:54:03.980297,4,4,0,16882.093,succeeded,e7f3e7eb48c913968b0feaa14046072acfea012b,"Single-launch in-smem megakernel for small n (route n<=232 to it; n32 & n176). One CTA/matrix loads whole nxn matrix into smem (col-major), runs full unblocked Householder QR there, writes (H,tau) row-major DIRECTLY to a separate output buffer -- NO host transposes, NO per-panel launches, NO cuBLAS. Trailing update = one-thread-per-trailing-column (no block sync in the apply); only the per-column reflector norm uses a warp+block reduction. BUG FOUND+FIXED: first version overwrote input A in place -> benchmark recheck (which reuses the same input tensor across timed repeats) saw corrupted input and failed with huge residuals; fixed by writing H to a separate empty_like buffer. Validates ALL 22. geomean 18937->16882 (10.8%). PER-SHAPE: s0 n32 226.97->73.82 (3.1x), s1 n176 2254->1762.8 (1.3x), s2 n352 6998 (unchanged, blocked), s3-11 unchanged. vs MATURE: n32 still 7.4x off (10us), n176 6.3x off (278us). Next: cut the per-column block-sync count + improve trailing parallelism; tackle n352."
