timestamp,agent_id,brief_id,iteration,qr_v2,status,commit,description
2026-06-24T03:47:51.255537,2,,N/A,116056332.369,baseline,ceb573f5a37e00da953d48dcba73070f84f8ed83,baseline torch.geqrf compact QR
2026-06-24T03:49:07.892149,2,0,N/A,N/A,brief_start,N/A,"Reduce Python and launch overhead around the existing torch.geqrf baseline by adding shape-specialized dispatch, caching, preallocation, and avoiding redundant clones or synchronizations without changing numerical semantics."
2026-06-24T03:51:43.867745,2,0,0,116569257.116,succeeded,57393723f3d31d8fd2f21d4ce7fc20423fe4aa63,Use shape-keyed reusable H/tau buffers with torch.geqrf out= to reduce allocation overhead; passed validation but geomean regressed to 116569257 ns.
2026-06-24T03:55:09.365928,2,0,1,116242330.110,succeeded,bebc69250ce2d96e6904a2516be706680e74ac39,"Hoist torch.geqrf to a module global to shave Python attribute lookup overhead while keeping exact baseline semantics; validation passed, geomean 116242330 ns."
2026-06-24T03:56:57.370825,2,0,2,116251270.530,succeeded,a7a91c136b1280e7e5c4a91030cc0b4a8b1c3e99,"Make custom_kernel a direct torch.geqrf alias, eliminating one Python function frame while preserving baseline semantics; validation passed, geomean 116251271 ns."
2026-06-24T04:01:47.645229,2,0,3,116255668.212,succeeded,1ce22cdd1768d3ba021888bef510f0d754d07c26,"Bind custom_kernel directly to torch.ops.aten.geqrf.default to bypass both the Python wrapper frame and torch.geqrf symbol lookup; validation passed, geomean 116255668 ns, essentially baseline/no material win."
2026-06-24T04:03:38.270108,2,0,N/A,N/A,brief_stop,N/A,"Explored micro overhead reductions around torch.geqrf without changing numerical semantics. Reusable out= buffers validated but regressed to 116.57 ms geomean; global/direct aliases were near baseline, with best observed measured row 116.24 ms but within noise and not a material improvement over baseline 116.06 ms. Final branch keeps the direct ATen geqrf alias and has an nsys profile saved; next useful brief should move beyond Python dispatch into fused/custom QR or harness/check overhead is dominating the remaining micro space."
2026-06-24T04:05:00.818211,2,1,N/A,N/A,brief_start,N/A,"Extend the winning n=32 CUDA C++ Householder path to n=176 and n=352 with shape-specific kernels using CTA-level reductions, explicit routing benchmarks, and hard fallback for n>=512 or stress cases when the custom route is not faster."
2026-06-24T04:06:28.931366,2,1,0,118182007.309,succeeded,2fe339bbffa40f6c871df3e7c3636db0bbe8c893,"Routed n=176 and n=352 to the existing CTA Householder CUDA kernel. Validation passed; n=176 improved to 11.29 ms but n=352 regressed to 82.28 ms, full geomean 118182007 ns."
2026-06-24T04:08:07.090873,2,1,1,110931291.342,succeeded,3cbbed175424c50fffbdb4bef8ce2e23fa317d94,Kept custom CUDA route for n=176 while hard-falling back n=352 to torch.geqrf after explicit routing showed n=352 was slower. Validation passed; geomean 110931291 ns.
2026-06-24T04:10:40.312662,2,1,2,109922630.465,succeeded,993d6f1c67f3c1699055a34df0d1178b89fc38e2,"Added a compile-time qr_fixed_kernel<176> route, preserving n=352 fallback. Validation passed; n=176 improved to 10.10 ms and full geomean 109922630 ns."
2026-06-24T04:15:12.264995,2,1,3,109805190.928,succeeded,6a231dd889be51d0b69442477574ce489460e6ce,Specialized the n=176 fixed kernel to 128 CTA threads instead of 256. Validation passed; n=176 improved to 9.96 ms and geomean 109805191 ns.
2026-06-24T04:17:09.415939,2,1,4,110199798.223,succeeded,b14c23b686fdbe32f4e3f54afed1a11648f0152f,"Tried 64 CTA threads for the n=176 fixed kernel. Validation passed but n=176 regressed to 10.41 ms and geomean 110199798 ns, so 128 threads is preferred."
2026-06-24T04:17:09.480752,2,1,5,109805190.928,succeeded,7ca7d7f46ab2badb7d95d051376b05a56969414e,"Restored the best observed 128-thread n=176 fixed QR route after the 64-thread regression; this is the final kept implementation, using the previously measured 109805191 ns geomean."
2026-06-24T04:18:54.161359,2,1,N/A,N/A,brief_stop,N/A,"Extended the n=32 CUDA path to n=176 successfully while explicitly testing and rejecting n=352. Generic n=176+n=352 routing validated but regressed due to n=352; hard-fallback n=352 and a fixed-size n=176 kernel improved the best full geomean to 109805191 ns, with n=176 at about 9.96 ms. 64-thread tuning regressed, so final commit restores 128-thread n=176; final nsys profile saved. Next brief should combine this n=176 route with the worker-1 512 streaming/geqrf-chunk win, and only revisit n=352 with a different tiled/panel algorithm rather than the current one-matrix CTA Householder kernel."
2026-06-24T04:20:04.653082,2,2,N/A,N/A,brief_start,N/A,"Preserve the 32-stream 640x512 geqrf fast path, graft the n==176 128-thread fixed-CUDA route and n==32 warp route if missing, centralize non-overlapping shape predicates, benchmark all active shapes, and disable any grafted path that regresses."
2026-06-24T04:21:41.737289,2,2,0,64031468.223,succeeded,fe861e2d8d4c794e3106170b3670c91801559485,Combined the 32-stream 640x512 geqrf chunk path with the n=32 warp QR and n=176 128-thread fixed CUDA QR routes using centralized disjoint predicates. Validation passed; full geomean 64031468 ns.
2026-06-24T04:25:58.655772,2,2,1,66382672.991,succeeded,dc2bc5537dcb8d5496bcf21bef9b018a2f4f175d,"Disabled only the n=176 CUDA route while retaining n=32 CUDA and 32-stream 512 routing to test graft contribution. Validation passed but geomean regressed to 66382673 ns, so n=176 route should stay enabled."
2026-06-24T04:25:58.724178,2,2,2,64031468.223,succeeded,1da95cf51af9f87ceaa8a29a7a4fd78544bf052f,"Restored the best combined dispatch with n=32 CUDA, n=176 fixed CUDA, and 32-stream 640x512 geqrf chunks; using prior measured geomean 64031468 ns."
2026-06-24T04:33:19.560609,2,2,N/A,N/A,brief_stop,N/A,"Combined the 32-stream 640x512 geqrf chunk path with the n=32 warp CUDA QR and n=176 fixed 128-thread CUDA QR routes using centralized, disjoint predicates. Full validation passed; combined geomean was 64.03 ms, a large improvement over both parents and baseline. A comparison disabling only n=176 regressed to 66.38 ms, so the n=176 graft is retained; no grafted path regressed enough to disable. Final nsys profile saved for commit 1da95cf5."
2026-06-24T04:34:56.516796,2,3,N/A,N/A,brief_start,N/A,"Preserve the 32-stream 640x512 and guarded 12-chunk 60x1024 fast paths, graft only the n==32 warp-CUDA and fixed n==176 CUDA routes behind centralized exact predicates, benchmark every active QR shape, and disable any graft that regresses the 46.07ms parent metric."
2026-06-24T04:53:49.237149,2,3,0,43515738.950,succeeded,a304a0fbaf927e72ba34be817b746656d107d4b9,"Combined guarded 32-stream 640x512 and 12-chunk 60x1024 geqrf paths with exact n=32 warp CUDA and n=176 fixed 128-thread CUDA predicates. Validation passed; full geomean 43515739 ns, improving the 46.07 ms parent target."
2026-06-24T05:00:44.528452,2,3,1,45168911.291,succeeded,3a7b00c47b5c6babc4d69cfd67b9ff7c877d0568,"Disabled only the n=176 CUDA route while keeping n=32 CUDA and 512/1024 stream chunking. Validation passed but geomean regressed to 45168911 ns, so n=176 stays enabled."
2026-06-24T05:00:44.596117,2,3,2,43515738.950,succeeded,475b3dbb4e38e6b0747370947c60ad092c8f9738,Restored the best combined dispatch: n=32 and n=176 CUDA routes plus guarded 640x512 and 60x1024 stream chunking; using measured geomean 43515739 ns.
2026-06-24T05:27:39.242786,2,3,N/A,N/A,brief_stop,N/A,"Combined the guarded 32-stream 640x512 and 12-chunk 60x1024 stream fast paths with exact n=32 warp-CUDA and fixed n=176 CUDA routes. Full validation passed; active-set benchmark geomean was 43.52 ms, improving the 46.07 ms parent target. Disabling n=176 regressed to 45.17 ms, so all grafts are retained. Final nsys report files were generated for commit 475b3dbb, although nsys returned 143 after report generation due target/re-parent termination handling."
2026-06-24T05:29:07.613171,2,4,N/A,N/A,brief_start,N/A,"Target batch=40,n=352 and n=176 medium QR gaps with guarded stream-chunked torch.geqrf or compact custom CUDA dispatch, sweep stream and chunk counts, preserve existing n=512, n=1024, n=2048, and n=4096 fast routes, benchmark active shapes, and keep only non-regressing wins."
2026-06-24T05:30:44.989279,2,4,0,30260422.373,succeeded,2bc6a31fe2ab82c3781ce49fecb12b64ad74ad82,"Added guarded 8-stream chunked torch.geqrf routes for batch=40,n=176 and n=352 while preserving existing large-shape routes. Validation passed; n=176 dropped to 2.28 ms, n=352 to 6.14 ms, full geomean 30260422 ns."
2026-06-24T05:36:26.334551,2,4,1,31679492.600,succeeded,c199efad43940d59f241daeda7dfded5fd454177,"Swept 10 chunks for batch=40,n=176 and n=352. Validation passed but medium shapes regressed to 3.08 ms and 8.11 ms, full geomean 31679493 ns; 8 chunks is preferred."
2026-06-24T05:40:20.275153,2,4,2,32204115.174,succeeded,c2fbcc5249c8652577b98ea65166525219a5efe1,"Swept 5 chunks for batch=40,n=176 and n=352. Validation passed but medium shapes regressed to 3.38 ms and 8.77 ms, full geomean 32204115 ns; 8 chunks remains preferred."
2026-06-24T05:43:33.536153,2,4,3,30869301.140,succeeded,d0b9200294caa28d95e4e3fe0d9112f42a01f558,Swept asymmetric medium routes with n=176 using 8 chunks and n=352 using 6 chunks. Validation passed; n=352 improved versus 5/10 chunks but full geomean 30869301 ns still regressed versus 8/8.
2026-06-24T05:43:33.615643,2,4,4,30260422.373,succeeded,578c42350b2d4d8d5721707c62fed80613512f2a,"Restored best observed guarded medium routes: batch=40,n=176 and n=352 both use 8 stream chunks, preserving existing large-shape routes; using measured geomean 30260422 ns."
2026-06-24T06:05:30.546478,2,4,N/A,N/A,brief_stop,N/A,"Targeted batch=40,n=176 and n=352 medium gaps with guarded stream-chunked torch.geqrf while preserving existing n=512, n=1024, n=2048, and n=4096 routes. Best kept result uses 8 chunks for both medium shapes: n=176 improved to 2.28 ms, n=352 to 6.14 ms, full geomean 30.26 ms. Sweeps at 10 chunks, 5 chunks, and asymmetric 8/6 all validated but regressed. Full nsys repeatedly failed due re-parent handling, so a focused n=176/n=352 nsys profile was generated for final commit 578c4235."
2026-06-24T06:07:19.097522,2,5,N/A,N/A,brief_start,N/A,"Preserve exact n==32 warp CUDA and coordinate-descent tune only guarded stream chunk counts for n176/n352={7,8,9}, n512={24,28,32,36}, n1024={10,12,14}, n2048={6,8,10}, and n4096={1,2}; benchmark all active shapes after accepted changes and keep only a non-regressing total-metric combination."
2026-06-24T06:12:09.498444,2,5,0,29033782.428,succeeded,20182985ad902b2674b13360a7dd2f48f5974002,"Coordinate-descent changed only batch=640,n=512 chunk count from 32 to 28, preserving n32 CUDA and all other stream routes. Validation passed; 512 cells improved near 180 ms and full geomean 29033782 ns."
2026-06-24T06:15:53.262145,2,5,1,31305962.475,succeeded,6c2954262bf2171e36c6c825a9db1b68bac3d77f,"Tried allowed n512 chunk count 24 after the 28-chunk win. Validation passed but 512 cells regressed around 280 ms and full geomean 31305962 ns, so 28 chunks remains preferred."
2026-06-24T06:22:13.880950,2,5,2,27534320.049,succeeded,dacb2d600a7229be9db96f8c5b4a68002b814971,"Coordinate-descent kept n512=28 and changed only batch=60,n=1024 chunk count from 12 to 10. Validation passed; 1024 cells around 52.2 ms and full geomean 27534320 ns, improving the accepted combination."
2026-06-24T06:23:47.940564,2,5,3,29024792.933,succeeded,328a45a8ecb93cbfd3959aa2d91779a73143e9d1,"Tried allowed n1024 chunk count 14 on top of n512=28. Validation passed but 1024 cells regressed around 64.7 ms and full geomean 29024793 ns, so n1024=10 remains preferred."
2026-06-24T06:31:22.293981,2,5,4,28653892.314,succeeded,9d1cc7c64059fea8c22a964264d1c1ed27baa7e9,"Tried allowed n2048 chunk count 6 on top of n512=28,n1024=10. Validation passed but 2048 regressed to 23.5 ms and full geomean 28653892 ns, so n2048=8 remains preferred."
2026-06-24T06:38:17.827600,2,5,5,28955691.815,succeeded,a37d479f087e4e31bbc1cd3b5c3c25695cd6ad23,"Tried allowed n4096 chunk count 1 on top of accepted n512=28,n1024=10,n2048=8. Validation passed but n4096 regressed near 50.6 ms and full geomean 28955692 ns, so n4096=2 remains preferred."
2026-06-24T06:38:31.741401,2,5,6,27534320.049,succeeded,8e97700c2afdacc09842d753cfe22c14364c559f,"Restored the best observed coordinate-descent combination after the n4096=1 regression: n512=28, n1024=10, n2048=8, n4096=2, and medium n176/n352=8, preserving exact n32 CUDA; using measured geomean 27534320 ns."
2026-06-24T06:45:32.082242,2,5,N/A,N/A,brief_stop,N/A,"Completed micro coordinate-descent brief 5 over guarded stream chunk counts while preserving exact n==32 warp CUDA. Kept n512=28 and n1024=10 as non-regressing wins, restored n2048=8 and n4096=2 after allowed alternatives regressed, and retained medium n176/n352=8. Final kept commit 8e97700c has measured geomean 27534320 ns; focused nsys profile generated for tuned shapes."
2026-06-24T06:47:15.867023,2,6,N/A,N/A,brief_start,N/A,"Coordinate-descent tuned shape chunks around the out= assembly leader, preserving n32 CUDA and stream torch.geqrf out= slice assembly; test one-axis-at-a-time n176/n352={7,8,9}, n512={26,28,30}, n1024={9,10,11}, n2048={7,8,9}, n4096={2,3,4}, benchmark all active shapes, and keep only total-metric non-regressions."
2026-06-24T06:49:18.920910,2,6,0,28288476.150,succeeded,b100e4b947ecc2323f801e573ef671c9c4a25d08,"One-axis sweep set n176/n352 chunks from 8/8 to 7/7 around the out= assembly leader, preserving n32 CUDA and large-shape chunk counts. Validation and all-active benchmark passed; full geomean 28288476.150 ns."
2026-06-24T06:51:34.165420,2,6,1,27663243.777,succeeded,8c41b576390afd6b997ffba7e7ad76be94343c31,"One-axis sweep set n176/n352 chunks from 8/8 to 9/9 around the out= assembly leader, preserving n32 CUDA and large-shape chunk counts. Validation and all-active benchmark passed; full geomean 27663243.777 ns."
2026-06-24T06:59:31.568114,2,6,2,30243811.636,succeeded,57171cdfaf6587da7af2fd891205ac2e2b6a4e25,"One-axis sweep set n512 chunks from 28 to 26 around the out= assembly leader, restoring medium chunks to 8/8 and preserving n32 CUDA plus other tuned counts. Validation and all-active benchmark passed; full geomean 30243811.636 ns."
2026-06-24T07:12:09.381127,2,6,3,27286304.465,succeeded,c3178606482fdf17110d7e9424f7e57ce20cd0ff,"One-axis sweep set n512 chunks from 28 to 30 around the out= assembly leader, restoring medium chunks to 8/8 and preserving n32 CUDA plus other tuned counts. Validation and all-active benchmark passed; full geomean 27286304.465 ns."
2026-06-24T07:19:49.747386,2,6,4,26572760.489,succeeded,64cf2b26d2f4d0b639de58d52a042204e4de05f4,"One-axis sweep set n1024 chunks from 10 to 9 on top of accepted n512=30, preserving n32 CUDA, out= slice assembly, medium 8/8, n2048=8, and n4096=2. Validation and all-active benchmark passed; full geomean 26572760.489 ns."
2026-06-24T07:28:28.705986,2,6,5,27340995.264,succeeded,faceb5b8b598a5801480d35c057b17268d46051a,"One-axis sweep set n1024 chunks from accepted 9 to 11 on top of accepted n512=30, preserving n32 CUDA, out= slice assembly, medium 8/8, n2048=8, and n4096=2. Validation and all-active benchmark passed; full geomean 27340995.264 ns."
2026-06-24T07:31:45.782218,2,6,6,27674585.002,succeeded,d46ee4e5e4d708b5afe5fb096eff9b8bf62b840d,"One-axis sweep set n2048 chunks from 8 to 7 on top of accepted n512=30,n1024=9, preserving n32 CUDA, out= slice assembly, medium 8/8, and n4096=2. Validation and all-active benchmark passed; full geomean 27674585.002 ns."
2026-06-24T07:40:03.933374,2,6,7,26575823.835,succeeded,be92688cf136a6ae91e913a58bbcb8f02f5d14b8,"One-axis sweep set n2048 chunks from 8 to 9 on top of accepted n512=30,n1024=9, preserving n32 CUDA, out= slice assembly, medium 8/8, and n4096=2. Validation and all-active benchmark passed; full geomean 26575823.835 ns."
2026-06-24T07:44:13.532167,2,6,8,26575298.363,succeeded,19569ac8cbc03375340878fdc0740e1922790e30,"One-axis sweep set n4096 chunks from 2 to 3 on top of accepted n512=30,n1024=9,n2048=8, preserving n32 CUDA, out= slice assembly, and medium 8/8. Validation and all-active benchmark passed; full geomean 26575298.363 ns."
2026-06-24T07:47:51.684393,2,6,9,26590975.038,succeeded,dc3994fa64b4374cd84ce8a0babcf45d56fd378a,"One-axis sweep set n4096 chunks from 2 to 4 on top of accepted n512=30,n1024=9,n2048=8, preserving n32 CUDA, out= slice assembly, and medium 8/8. Validation and all-active benchmark passed; full geomean 26590975.038 ns."
2026-06-24T07:56:10.050617,2,6,10,26895886.348,succeeded,09aaa213b63d786c73371596f736c05f77395b6d,"One-axis sweep set n176 chunks from 8 to 7 on top of accepted n512=30,n1024=9,n2048=8,n4096=2, preserving n32 CUDA, out= slice assembly, and n352=8. Validation and all-active benchmark passed; full geomean 26895886.348 ns."
2026-06-24T08:02:03.008301,2,6,11,26694462.506,succeeded,907fd5f5f5b00e27ceb9c51311622fa8fc593390,"One-axis sweep set n176 chunks from 8 to 9 on top of accepted n512=30,n1024=9,n2048=8,n4096=2, preserving n32 CUDA, out= slice assembly, and n352=8. Validation and all-active benchmark passed; full geomean 26694462.506 ns."
2026-06-24T08:11:49.445415,2,6,12,26968315.107,succeeded,201b8d7c1b810494db749261fa733f1f89946b70,"One-axis sweep set n352 chunks from 8 to 7 on top of accepted n512=30,n1024=9,n2048=8,n4096=2, preserving n32 CUDA, out= slice assembly, and n176=8. Validation and all-active benchmark passed; full geomean 26968315.107 ns."
2026-06-24T08:16:34.436716,2,6,13,26708544.109,succeeded,a640b8f9686c9e983e7c5f3f24f08372c6e6d68a,"One-axis sweep set n352 chunks from 8 to 9 on top of accepted n512=30,n1024=9,n2048=8,n4096=2, preserving n32 CUDA, out= slice assembly, and n176=8. Validation and all-active benchmark passed; full geomean 26708544.109 ns."
2026-06-24T08:18:36.211711,2,6,14,26621412.695,succeeded,3a5d71420ef0cb35656bc87a3cad91d76105be1f,"Restored the best observed one-axis coordinate-descent combination after n352=9 regression: n176=8,n352=8,n512=30,n1024=9,n2048=8,n4096=2, preserving n32 CUDA and out= slice assembly. Validation and all-active benchmark passed; full geomean 26621412.695 ns."
