timestamp,agent_id,brief_id,iteration,linalg/qr_v2,diff_lines,status,commit,description
2026-06-24T21:09:14.013398,1,,N/A,131141.977,0,baseline,40fd0e26d491111cc7c48a777a5fc0a6c2e07d47,baseline
2026-06-24T21:16:36.679294,1,,N/A,2175.144,4023,optimized,4116ec1a686237060ccc74d59f107593ef87e2a3,"optimized peak: blocked-Householder QR custom kernel, 4023-line diff vs main"
2026-06-24T21:31:04.363958,1,0,N/A,N/A,N/A,brief_start,N/A,"Delete the never-taken small-n custom path (gate _SMALL_N=frozenset() empty): the qr_small __global__ kernel in _CUDA_SRC, _small_qr, the _SmallQRKernel.launch_small launcher/handle, _SMALL_N, and the 'if n in _SMALL_N' dispatch arm. CRITICAL: PRESERVE _SmallQRKernel/_get_kernel/launch_tiny/qr_tiny -- the n<=32 path is LIVE. Hold geomean within 1% of 2175.14us; track diff_lines vs baseline 40fd0e26d each iteration."
2026-06-24T22:25:27.346199,1,0,0,2164.297,3840,succeeded,23ea1f7824cfb5913023692d4aca6165e000d7f7,"Delete never-taken small-n custom path (gate _SMALL_N empty). Removed: qr_small __global__ kernel in _CUDA_SRC (~121 lines), _SmallQRKernel.launch launcher + its qr_small cuModuleGetFunction handle + SetAttribute, _small_qr wrapper, _SMALL_N=frozenset() def, and the 'if n in _SMALL_N: return _small_qr(data)' dispatch arm + its orphaned comment. PRESERVED the LIVE n<=32 path (_SmallQRKernel class, qr_tiny, _get_kernel, launch_tiny, _tiny_qr). Byte-identical on every live shape since the arm was provably never taken. Validation 22/22 + kernelguard + all 3 guards CLEAN. diff_lines 4023->3840 (-183). Benchmark geomean 2164.30us vs optimized 2175.14us (0.5% faster, well within 1%)."
2026-06-24T22:25:43.379830,1,0,N/A,N/A,N/A,brief_stop,N/A,"Brief exhausted in 1 clean iteration (commit 23ea1f78). Deleted the entire never-taken small-n custom path (gate _SMALL_N=frozenset() was empty): qr_small __global__ kernel, _SmallQRKernel.launch + its qr_small module-function handle/SetAttribute, _small_qr wrapper, _SMALL_N, and the 'if n in _SMALL_N' dispatch arm + orphaned comment. PRESERVED the LIVE n<=32 path exactly as instructed (_SmallQRKernel class, qr_tiny, _get_kernel, launch_tiny, _tiny_qr). RESULT: diff_lines 4023->3840 (-183 lines), benchmark geomean 2164.30us (0.5% FASTER than optimized 2175.14us -- pure noise, no live path touched), validation 22/22 + kernelguard + all 3 guards CLEAN. Byte-identical on every live shape (provably-dead arm). SUGGESTIONS for follow-up simplify briefs: (1) three cosmetic 'qr_small' string refs remain (NVRTC program filename b'qr_small.cu' L451, log label '[qr_small NVRTC log]' L460, convention comment L46) -- left untouched to avoid net-zero/positive churn, but a rename brief could fold them. (2) Many env-var-gated OFF-by-default knobs (_N512_2L, _N1024_2L, _N1024_2L_ROUTE, _N2048_ROUTE, QR_TINY_TAU_ZERO, the commented-out _w2_qr_2level_n512/TSQR-orhr_col banked-but-unrouted paths) carry large explanatory comment blocks + dead/unrouted code; if a path is committed-but-never-routed (like the n>=2560 TSQR note describes), deleting it could remove substantial line count. (3) The _custom_kernel_impl dispatch has several gated 'if n==X and _FLAG' arms whose _FLAG defaults make them dead -- candidates for the same treatment as _SMALL_N if confirmed never-taken."
2026-06-24T22:34:54.379083,1,1,N/A,N/A,N/A,brief_start,N/A,"Continue simplifying off your branch. Target the n=2048 (blk_override) path's dead knobs: _N2048_FUSED (default 0 -> delete the OFF fused branch in _w2_qr), _N2048_PNW_MID (default 0 -> inline), and any _N2048_* constant whose only reachable value is its default given the harness sets NO QR_* env (confirmed). Inline each to its literal and delete the def+comment ONLY where it removes a line and stays bit-identical. Do NOT touch n=512/1024 knobs (other workers). Hold geomean within 1% of 2175.14us; track diff_lines vs 40fd0e26d."
2026-06-24T23:12:25.139752,1,1,0,2164.927,3825,succeeded,bc74f8efe27c876213cff687c7295f38789f84f2,"Drop n=2048 dead-by-default knobs _N2048_FUSED and _N2048_PNW_MID. _N2048_FUSED (default 0): in _w2_qr BLK<=16 branch use_fused was always False -> collapsed else to 'use_fused = False', deleted the dead BM_F/BNc_F/NW_F fused-tile reads + def + 4-line comment. _N2048_PNW_MID (default 0): the '>0' guard made the 512<MAXH<=1024 panel-warp elif never fire -> deleted dead elif + def. Untouched: n=512/1024 fused true-branch (_FUSED_TRAIL) and the _N2048_PNW MAXH>1024 arm. Bit-identical on every live shape (n=2048 residuals byte-match parent). Validation 22/22 + kernelguard + all 3 guards CLEAN. diff_lines 3840->3825 (-15). Benchmark geomean 2164.93us vs optimized 2175.14us (within 1%, n=2048 shape 7999us vs 7991us = noise)."
2026-06-24T23:52:18.518885,1,1,1,2162.910,3801,succeeded,0af1795716dbbcebd338afdbea3bb2dd9600fb28,"Inline n=2048 default-only constants (no QR_* env -> defaults only). _N2048_BLK(16) inlined into dispatch (blk_override=16), removed def + 9-line comment. _N2048_PNW(8): '>0' guard always true -> folded tall-panel override to 'if blk_override is not None and MAXH>1024: nwp=8', removed def + comment. _N2048_ROUTE(1): 'if ==2' two-level arm was dead -> removed dead arm + def + comment. Pure constant-folds, bit-identical (n=2048 still single-level _w2_qr BLK=16 nwp=8). Validation 22/22 + kernelguard + all 3 guards CLEAN (n=2050 off-grid + n=2048 residuals byte-match). diff_lines 3825->3801 (-24). Benchmark geomean 2162.91us vs optimized 2175.14us (0.56% faster, within 1%; n=2048 shape 7974us = noise)."
2026-06-25T00:31:28.996543,1,1,2,2163.756,3788,succeeded,e905cdca42b87a9aeffea09293e090b53f8a1f5a,"Inline n=2048 default-only precision/ILP knobs at their single _w2_qr use site (no QR_* env -> defaults only): _N2048_PREC('tf32'), _N2048_YT_NACC(2), _N2048_YT_NS(3) folded into the 'X if blk_override is not None else Y' ternaries. Deleted the 3 defs + the _N2048_PREC 10-line comment; kept the shared brief-41 YT-ILP comment (documents surviving _N4096_YT_*) + a 1-line pointer. OUT OF SCOPE/untouched: all _N4096_* (n=4096 two-level) and n=512/1024 knobs. Bit-identical (literals == prior defaults; n=512/1024 take unchanged else). Validation 22/22 + kernelguard + all 3 guards CLEAN; n=2048 residuals byte-match parent (dense 2.01, rankdef 9.0, mixed 1.95). diff_lines 3801->3788 (-13). Benchmark geomean 2163.76us vs optimized 2175.14us (0.52% faster, within 1%; n=2048 shape 7989us = noise)."
2026-06-25T00:35:20.306217,1,1,N/A,N/A,N/A,brief_stop,N/A,"WRAP-UP. Brief-1 done in 3 clean iterations; best/final floor-holding CODE commit e905cdca42b87a9aeffea09293e090b53f8a1f5a. diff_lines=3788 (vs brief-1 parent 3840, -52; vs baseline 40fd0e26d). geomean=2163.76us (0.52% FASTER than the 2175.14us floor, within 1%). All changes are bit-identical removal of n=2048 default-only knobs (harness sets no QR_* env): iter1 dropped _N2048_FUSED (dead OFF fused branch -> use_fused=False + deleted dead BM_F/BNc_F/NW_F tile reads) and _N2048_PNW_MID (dead elif); iter2 inlined _N2048_BLK(16)/_N2048_PNW(8, '>0' always true)/_N2048_ROUTE(1, dead ==2 arm); iter3 inlined _N2048_PREC('tf32')/_N2048_YT_NACC(2)/_N2048_YT_NS(3) at their single _w2_qr blk_override use site. Validation 22/22 + kernelguard + all 3 guards CLEAN every iteration; n=2048 residuals byte-match the parent (dense 2.01/rankdef 9.0/mixed 1.95). UNTOUCHED (out of scope): all _N4096_* (n=4096 two-level) and every n=512/1024 knob (other workers). SUGGESTIONS for any future simplify pass: (1) the same default-only-inline treatment applies to _N4096_PREC/_N4096_YT_NACC/_N4096_YT_NS (n=4096 path) and to the many n=512/1024 OFF-by-default knobs (_N512_2L/_N1024_2L/_N1024_2L_ROUTE etc.) -- each a bit-identical line-saver if a worker owns that scope; (2) 3 cosmetic 'qr_small' string refs from brief-0 still remain (NVRTC filename, log label, a convention comment) -- left to avoid net-positive churn; (3) one tangential n=4096 _2L_PNW comment still name-drops the deleted _N2048_PNW (harmless prose)."
