timestamp,agent_id,brief_id,iteration,pmpp_v2/conv2d_py,status,commit,description
2026-06-10T07:31:14.240041,0,,N/A,15655.830,baseline,f47cc6c232bec176711608e8c66001de701a2aaa,baseline
2026-06-10T07:41:15.187676,0,0,N/A,N/A,brief_start,N/A,"Replace the deterministic PyTorch conv2d path with a single-file cuDNN or torch convolution wrapper that preserves reference settings but removes per-call backend flag overhead and output-copy overhead, targeting launch/API overhead around the existing cuDNN kernels."
2026-06-10T07:52:34.164603,0,0,0,15646.129,succeeded,0f794fe548b518e000193d6d45168c79578a2131,Set cuDNN deterministic flags once at import and return conv2d directly to avoid per-call flag restore and output copy
2026-06-10T07:55:33.570652,0,0,1,5844.697,succeeded,7faf291cf1c5106a3c9e6095c6f6641404765da8,Enable deterministic cuDNN benchmark mode at import so fixed conv2d shapes use faster cached algorithms
2026-06-10T07:58:39.569110,0,0,2,5106.893,succeeded,a8988a9f7efdbba878410561eda076a9163431a5,Convert input and filter to channels-last before benchmarked deterministic cuDNN conv2d to reduce k8 latency
2026-06-10T08:01:47.710180,0,0,3,N/A,validation_error,N/A,Attempted pointer-key cache for channels-last converted tensors; benchmark reuses allocator addresses for new data and produced stale mismatched outputs
2026-06-10T08:04:12.216852,0,0,4,5059.818,succeeded,85fac4c551da4fb8dfcf2d1be9b0b7d035ed44fd,Use channels-last conversion only for the c64/k8 benchmark shape and keep benchmarked cuDNN NCHW for larger kernels to reduce conversion overhead
2026-06-10T08:07:32.107819,0,0,5,5034.355,succeeded,150b7152c70f64dff5a838f39b6d2566503238c2,"For the c64/k8 case convert only input to channels-last and leave filter contiguous, avoiding filter layout copy while keeping fast cuDNN algorithm"
2026-06-10T08:10:18.886341,0,0,6,5058.123,succeeded,af98613cf981a3c8d5463da058848256a9f06e17,Try input channels-last conversion for both c64 benchmark shapes; valid but slower than restricting conversion to k8 only
2026-06-10T08:10:53.170846,0,0,7,5029.546,succeeded,150b7152c70f64dff5a838f39b6d2566503238c2,Repeat benchmark of best k8-input-channels-last cuDNN wrapper after restoring it as branch HEAD; geomean confirmed at 5029.546 us
2026-06-10T08:10:53.246877,0,0,N/A,N/A,brief_stop,N/A,"Brief exhausted. Best commit 150b7152c70f64dff5a838f39b6d2566503238c2 keeps deterministic no-TF32 cuDNN, enables cudnn.benchmark once at import, returns conv2d directly, and converts only the c64/k8 input to channels-last while leaving the filter contiguous. Validated and benchmarked full active set; best confirmed geomean 5029.546 us vs baseline 15655.830 us. Failed/negative variants: pointer-address cache was invalid due allocator address reuse; all-c64 input channels-last was valid but slower; full channels-last was valid but slightly slower."
2026-06-10T08:12:30.324566,0,1,N/A,N/A,brief_start,N/A,"Continue the 5029 us leader with narrow per-shape tuning: benchmark exact guards for batch/size/kernel/channel, output-buffer assignment versus returning conv2d directly, memory_format choices for only c64/k8, and import-time backend knobs, keeping changes safe and measurable."
2026-06-10T08:14:19.491795,0,1,0,5051.728,succeeded,f3c3477da4e5467dffa9a95fda13fad73ed4beeb,Replace k/channel guard with exact input/kernel shape guard for c64/k8 channels-last path; valid but slower than parent
2026-06-10T08:15:40.731242,0,1,1,5087.699,succeeded,bc4d517011e538f3b90240c90391fb4537283658,Copy conv2d result into provided output buffer on both paths instead of returning conv2d result directly; valid but slower
2026-06-10T08:18:27.684400,0,1,2,N/A,validation_error,N/A,Set cudnn.allow_tf32=True at import; validation failed against deterministic no-TF32 reference tolerances
2026-06-10T08:19:27.280452,0,1,3,5028.108,succeeded,4bb81e5f86148b7b43a978f9b004eb6642fe4725,Set cudnn.deterministic=False while keeping no-TF32 and benchmark=True; validation passes and geomean slightly improves to 5028.108 us
2026-06-10T08:20:29.377491,0,1,4,15830.499,succeeded,364cfa3845143a38de3dc6e07fe8c8708d6627f8,Set cudnn.benchmark=False with no-TF32 nondeterministic cuDNN; valid but falls back to slow algorithms near baseline
2026-06-10T08:21:40.349195,0,1,5,5033.966,succeeded,6a6d220ca3fa7908edfaedc7b2123743f83a46d1,Call kernel.contiguous(contiguous_format) in the c64/k8 channels-last input path; valid but slower than passing the already contiguous filter directly
2026-06-10T08:23:00.789608,0,1,6,5099.612,succeeded,06edc4c6ff540c34e9f57e5791de8010778b51eb,"Use channels-last input for every k8 shape by dropping channels==64 guard; valid but slower, likely due test/warmup algorithm effects and extra conversion"
2026-06-10T08:24:09.819397,0,1,7,5041.814,succeeded,1b2ade5e5e88325fd4c7c25444b1f9eae2008953,Alias torch.channels_last at import to reduce global lookup in c64/k8 path; valid but slower/noisy versus direct attribute
2026-06-10T08:26:00.228997,0,1,8,5033.045,succeeded,66fb22ec47d6d080e2ab38299d5fbe534f5e5007,Use positional conv2d bias/stride/padding arguments instead of keyword stride/padding; valid but slower than best
2026-06-10T08:27:27.807368,0,1,9,5063.793,succeeded,4bb81e5f86148b7b43a978f9b004eb6642fe4725,Repeat benchmark of nondeterministic no-TF32 cuDNN best showed run-to-run noise at 5063.793 us; earlier same commit remains best observed at 5028.108 us
2026-06-10T08:28:07.557459,0,1,N/A,N/A,brief_stop,N/A,"Brief 1 exhausted. Best observed commit 4bb81e5f86148b7b43a978f9b004eb6642fe4725 changes the 5029 us leader only by setting cudnn.deterministic=False while keeping allow_tf32=False, cudnn.benchmark=True, direct conv2d return, and c64/k8 input-only channels-last conversion. It validated and initially benchmarked at 5028.108 us, but repeat showed noise at 5063.793 us; branch HEAD remains this commit. Negative/failed variants: exact shape guard 5051.728, output-buffer copy 5087.699, allow_tf32=True validation failure, benchmark=False 15830.499, explicit contiguous filter 5033.966, k8-only guard 5099.612, channels_last alias 5041.814, positional conv2d args 5033.045. Profile captured for best commit."
2026-06-10T08:29:38.396212,0,2,N/A,N/A,brief_start,N/A,"Apply worker-0's validated no-TF32 nondeterministic cuDNN setting to the 4826 us selective cuDNN/im2col leader, then rebenchmark and test whether it improves only the cuDNN fallback paths without breaking the c64/k16 im2col correctness."
2026-06-10T08:30:46.866268,0,2,0,4849.794,succeeded,35c609327915c6f4a51f1f99e4621cea9d6c3b4d,"Set cudnn.deterministic=False on selective cuDNN/im2col leader; validation passes and im2col c64/k16 remains correct, but geomean is slower than parent at 4849.794 us"
2026-06-10T08:31:55.429212,0,2,1,4827.895,succeeded,277ff69371d5a14eeec0dd1beaec7a0f8a30355e,"Keep deterministic=True at import but set cudnn.deterministic=False before c64/k8 and fallback cuDNN calls; valid, im2col c64/k16 remains correct, but not better than parent"
2026-06-10T08:32:59.601165,0,2,2,4832.400,succeeded,49002cd3e29150e522f0042a30636418e0c6c94b,Set cudnn.deterministic=False only before c128 fallback cuDNN path; c64/k16 im2col correct but geomean slower than parent
2026-06-10T08:34:19.926152,0,2,3,4843.308,succeeded,34ec8f9929692f3db52b1d90dcd83b97ad5e10c7,Set cudnn.deterministic=False only before c64/k8 channels-last cuDNN path; valid but slower than parent/selective leader
2026-06-10T08:35:04.615316,0,2,4,4828.756,succeeded,97bf9bb22e0dbd3b383c301eae28af02278f1fa7,Repeat benchmark of parent selective cuDNN/im2col leader after reverting nondeterministic variants; parent remains best for this brief at 4828.756 us locally
2026-06-10T08:35:41.766417,0,2,N/A,N/A,brief_stop,N/A,"Brief 2 exhausted. Tested applying worker-0 no-TF32 nondeterministic cuDNN setting to the selective cuDNN/im2col leader 97bf9bb. All variants preserved c64/k16 im2col correctness but failed to beat parent: global deterministic=False 4849.794, toggling deterministic=False for both cuDNN paths 4827.895, fallback-only 4832.400, c64/k8-only 4843.308. Rebenchmark of parent after reverting gave 4828.756 locally, and branch HEAD remains parent 97bf9bb22e0dbd3b383c301eae28af02278f1fa7. Profile captured for final parent state."
2026-06-10T08:36:57.856106,0,3,N/A,N/A,brief_start,N/A,"From the 4745 us graph-k8/im2col-k16 leader, explore output-layout and return-contract structural changes: return static graph output for k8, im2col reshape view for k16, and test whether copying only specific c128 fallback outputs into the provided buffer or returning direct views changes harness overhead or correctness."
2026-06-10T08:38:42.318370,0,3,0,4786.435,succeeded,b6a6ecc5acd009a0e558c5c0020dc027194483ac,Copy k8 CUDA graph static output into provided output buffer and return it; validation passes and geomean improves to 4786.435 us
2026-06-10T08:40:10.338157,0,3,1,4792.544,succeeded,c839eb789c2b613676ddc8e5201d8a878e70cca2,Keep k8 graph output copy and also copy c128 fallback conv2d result into provided output; valid but slower than k8-only output copy
2026-06-10T08:41:31.401157,0,3,2,4790.928,succeeded,1bf7be7f005f8bbb0a57bbd25676dec3d1a3c124,"With k8 graph output copy, also copy only c128/k16 fallback conv2d into provided output; valid but slower than k8-only output copy"
2026-06-10T08:42:27.551336,0,3,3,4795.574,succeeded,a1ec0324f970d01a533e71fa341eb0734b69f615,"With k8 graph output copy, also copy only c128/k32 fallback conv2d into provided output; valid but slower"
2026-06-10T08:43:35.510120,0,3,4,4787.088,succeeded,ea7889ca955e2d8af0a89099c53318e349905964,"With k8 graph output copy, copy c64/k16 im2col reshape into provided output instead of returning the view; valid but slightly slower"
2026-06-10T08:44:42.685300,0,3,5,4785.011,succeeded,ae59edf6ba1fd78f0994efb98a47bd7f8928dd3f,Keep k8 graph output copy and return c64/k16 im2col reshape with contiguous layout; valid and slightly improves to 4785.011 us
2026-06-10T08:45:47.813341,0,3,6,4789.406,succeeded,c1ab3c0688fee0774492b28288dc0ba19bcfdedc,Combine contiguous c64/k16 im2col return with copying c128/k16 fallback into provided output; valid but slower than contiguous im2col alone
2026-06-10T08:47:04.437114,0,3,7,4787.885,succeeded,ae59edf6ba1fd78f0994efb98a47bd7f8928dd3f,Repeat benchmark of k8 output-copy plus contiguous im2col best; confirms improved range at 4787.885 us
2026-06-10T08:48:16.997695,0,3,N/A,N/A,brief_stop,N/A,"Brief 3 exhausted. Best commit ae59edf6ba1fd78f0994efb98a47bd7f8928dd3f keeps parent graph-k8/im2col-k16 structure, copies the k8 CUDA graph static output into the provided output buffer, and returns the c64/k16 im2col reshape as contiguous. Best observed metric 4785.011 us; repeat 4787.885 us. Negative variants: k8 output copy alone 4786.435, copying all c128 fallback outputs 4792.544, copying c128/k16 only 4790.928, copying c128/k32 only 4795.574, copying im2col into provided output 4787.088, adding c128/k16 copy to contiguous im2col 4789.406. Profile captured for ae59edf best."
2026-06-10T08:49:54.015174,0,4,N/A,N/A,brief_start,N/A,"Combine the safe 4745 us graph-k8/im2col-k16 leader with worker-0's k8 output-copy and contiguous im2col-return variant, keeping the safe kernel-pointer graph key and testing whether output contract changes remain beneficial when applied to the best safe graph cache."
2026-06-10T08:52:04.962613,0,4,0,4802.647,succeeded,114f9c4e00e7fbc0533370bbbb4d85234007c4ed,Apply k8 graph output copy and contiguous k16 im2col return to safe kernel-pointer graph-key leader; valid but slower at 4802.647 us
2026-06-10T08:52:49.754179,0,4,1,4786.236,succeeded,34308f7254d594c19cdee7817899104332ebccb6,Apply only k8 graph static-output copy to safe kernel-pointer graph-key parent; valid but slower than parent
2026-06-10T08:53:36.098893,0,4,2,4747.091,succeeded,8d013d076fa06fee767de13a6987d772a99961d2,Apply only contiguous c64/k16 im2col return to safe kernel-pointer graph-key parent; valid but slightly slower than parent best
2026-06-10T08:54:28.220117,0,4,3,4744.027,succeeded,552c247b3bb41c73abc869c77379abbd478538df,Repeat benchmark of safe kernel-pointer graph-key parent after rejecting output-contract variants; parent remains best locally at 4744.027 us
2026-06-10T08:55:04.377790,0,4,N/A,N/A,brief_stop,N/A,"Brief 4 exhausted. Combined worker-0 output-contract changes with safe kernel-pointer graph-key parent 552c247, but no output-contract variant beat the safe parent. Full combine k8 output-copy plus contiguous k16 im2col scored 4802.647 us; k8 output-copy only scored 4786.236 us; contiguous k16 im2col only scored 4747.091 us. Rebenchmark of safe parent scored 4744.027 us, so branch HEAD is restored to parent 552c247b3bb41c73abc869c77379abbd478538df. Profile captured for final parent state."
2026-06-10T08:56:56.010169,0,5,N/A,N/A,brief_start,N/A,"From the safe 4745 us graph-key leader, try a fundamentally different c64/k8 path that avoids CUDA graph state: small-shape direct CUDA, separable tiling, or library GEMM/im2col specialized for k8, then select it only if it beats the current graph replay without stale-cache risk."
2026-06-10T08:58:09.217651,0,5,0,5499.700,succeeded,2c0724410dfd541ea29989f48007aca3696fbe1a,Replace k8 CUDA graph path with torch._C._nn.im2col plus bmm specialized for c64/k8; valid and graph-free but far slower at 5499.700 us
2026-06-10T09:00:04.137357,0,5,1,N/A,validation_error,N/A,Triton k8 implicit-GEMM path with fp32 dot accumulation failed validation tolerance versus no-TF32 cuDNN/reference
2026-06-10T09:01:40.439533,0,5,2,8345.543,succeeded,4815a2e6d84d60689f2cf2a1af36335e1d1f7e08,Use graph-free Triton k8 implicit-GEMM with ieee dot precision; validates but k8 shape is far slower than graph replay at 8345.543 us geomean
2026-06-10T09:03:49.061232,0,5,3,7412.278,succeeded,b31812e9e678f127af607a6eb49a4b16aad8a2fc,"Replace k8 CUDA graph path with one-thread-per-output custom CUDA extension; validates but k8 shape is much slower than graph replay, geomean 7412.278 us"
2026-06-10T09:05:45.453712,0,5,4,4851.453,succeeded,b5981ab441ef9f92411461eef0bd5826994b0b6f,Replace k8 CUDA graph replay with graph-free cuDNN channels-last convolution; valid but slower than safe graph parent at 4851.453 us
2026-06-10T09:08:23.840822,0,5,5,4838.426,succeeded,7578ebadda04dcf60d4a686a1aa91885db00faa1,Cache only a channels-last k8 kernel transform by kernel pointer and call cuDNN graph-free; valid but still slower than graph replay at 4838.426 us
2026-06-10T09:09:52.454202,0,5,6,5618.703,succeeded,c079e4a53805f04bd8d502f274eb1dad31df65b2,Remove k8 graph state and call cuDNN directly without channels-last copies; valid but much slower at 5618.703 us
2026-06-10T09:10:25.750870,0,5,N/A,N/A,brief_stop,N/A,"Brief 5 exhausted. Tested graph-free c64/k8 alternatives from safe graph-key parent 552c247: im2col+bmm 5499.700 us, Triton default failed validation, Triton ieee 8345.543 us, direct custom CUDA 7412.278 us, cuDNN channels-last 4851.453 us, cached channels-last kernel cuDNN 4838.426 us, and direct no-copy cuDNN 5618.703 us. None beat safe parent repeat 4744.027 us, so branch HEAD is restored to 552c247b3bb41c73abc869c77379abbd478538df."
2026-06-10T09:12:30.428476,0,6,N/A,N/A,brief_start,N/A,"Prepare the safe candidate for handoff: inspect submission.py for unnecessary debug/stress code or dead branches, remove only if performance-neutral or improving, run full validation and benchmark, and leave the worktree at the cleanest safe graph-k8/im2col-k16 implementation."
2026-06-10T09:15:08.126101,0,6,0,4748.886,succeeded,5fb5de84ebb024a9368a614b31794f22e3b064ba,Simplify k8 CUDA graph cache key by using torch.Size objects directly instead of tuple conversions; valid but slightly slower/noisy at 4748.886 us
2026-06-10T09:16:19.905419,0,6,1,4772.615,succeeded,552c247b3bb41c73abc869c77379abbd478538df,Revalidate and rebenchmark clean safe graph-k8/im2col-k16 parent for handoff after rejecting shape-key cleanup; valid with noisy repeat at 4772.615 us
2026-06-10T09:16:19.980141,0,6,N/A,N/A,brief_stop,N/A,"Brief 6 exhausted. Inspected safe parent submission.py and found no debug/stress code or dead branches beyond the required k8 CUDA graph path, c64/k16 im2col+bmm path, and c128 cuDNN fallback. Tested one cleanup reducing tuple conversions in the graph cache key; it validated but was slightly slower/noisy at 4748.886 us versus parent 4744.027 us, so rejected. Final validation passed and parent rebenchmark scored 4772.615 us under noise. Worktree remains clean at safe parent 552c247b3bb41c73abc869c77379abbd478538df."
2026-06-10T09:17:51.193827,0,7,N/A,N/A,brief_start,N/A,"Explore leaderboard/test robustness of optional shape-only k8 graph caching as a separate risky branch: prove with task.yml seeds whether kernels are constant per process; if not provably safe, log it as validation_error/runtime_error and restore safe parent, never leave unsafe code as final HEAD."
2026-06-10T09:19:56.764130,0,7,0,4799.715,succeeded,2e5c7f60ff3ada45d0093ccc16a4153e16084dcb,Probe shape-only k8 CUDA graph cache with runtime kernel equality guard; normal validation/benchmark pass but slower/noisy at 4799.715 us and not yet safe for varying same-shape kernels
2026-06-10T09:21:01.793171,0,7,1,N/A,runtime_error,N/A,"Leaderboard/recheck probe of shape-only k8 CUDA graph cache failed: eval.py leaderboard mutates benchmark seeds in the same worker process, causing a different same-shape kernel and triggering the runtime guard; shape-only caching is not provably safe."
2026-06-10T09:21:01.874513,0,7,N/A,N/A,brief_stop,N/A,"Brief 7 exhausted. A risky shape-only k8 CUDA graph cache with a kernel-equality guard passed ordinary validation/benchmark at 4799.715 us because benchmark mode reuses one seed per shape, but leaderboard/recheck mode increments the seed for repeated same-shape runs in the same process and produced a different kernel, triggering the guard. Therefore shape-only graph caching is unsafe for handoff/leaderboard; final HEAD restored to safe kernel-pointer keyed parent 552c247b3bb41c73abc869c77379abbd478538df."
2026-06-10T09:22:17.817303,0,8,N/A,N/A,brief_start,N/A,"Continue safe-only optimization after proving shape-only cache unsafe: profile the safe parent and tune Python-level branch/global lookup overhead around graph k8, im2col k16, and c128 fallback without changing cache safety or active-set correctness."
2026-06-10T09:26:10.675288,0,8,0,4746.569,succeeded,42428467dcaf6e5f161c86a3d53771772fb20f23,Bind im2col and bmm globals and delay batch/size shape reads on safe graph-k8/im2col-k16 parent; valid at 4746.569 us
2026-06-10T09:28:22.943997,0,8,1,4752.415,succeeded,9a62006a78a022e0d7aaff4cfca562e746886a32,Hoist cudnn backend alias and constant im2col argument tuples on safe parent plus helper bindings; valid but slower/noisy at 4752.415 us
2026-06-10T09:29:33.305812,0,8,2,4745.646,succeeded,0c9e58490e32c874561fb16bbcc4a705de389b68,Keep safe helper bindings and skip redundant cudnn.benchmark=False assignment in im2col k16 path; valid at 4745.646 us
2026-06-10T09:30:50.824356,0,8,3,4745.902,succeeded,f9468586de1834ddc99d5922a473926af2169c3b,"Reorder safe dispatch to check channels before kernel size, avoiding kernel.shape read for c128 fallback; valid but no faster at 4745.902 us"
2026-06-10T09:32:20.584812,0,8,4,4748.138,succeeded,0c9e58490e32c874561fb16bbcc4a705de389b68,"Repeat benchmark of best brief-8 candidate with helper bindings and no k16 cudnn toggle; valid but regressed under noise to 4748.138 us, so not selected over parent best"
2026-06-10T09:32:38.531369,0,8,N/A,N/A,brief_stop,N/A,"Brief 8 exhausted. Profile attempt through required exclusive wrapper generated nsys artifacts but profile_ncu nested Nsight Compute failed due CUDA_INJECTION64_PATH, so continued with benchmark-guided safe Python overhead tuning. Tested helper binding/delayed shape reads 4746.569 us, hoisted backend/constants 4752.415 us, removed redundant k16 cudnn.benchmark=False 4745.646 us then repeat 4748.138 us, and channel-first dispatch 4745.902 us. None convincingly beat prior safe parent best 4744.027 us, so final HEAD restored to safe kernel-pointer graph-k8/im2col-k16 parent 552c247b3bb41c73abc869c77379abbd478538df."
2026-06-10T09:33:58.492925,0,9,N/A,N/A,brief_start,N/A,"Explore replacing only the c128 fallback with a safe CUDA graph or ATen/cudnn prebound path keyed by shape and kernel pointer, but stress same-shape different kernels; keep it only if c128 correctness holds and repeat median beats the safe parent."
2026-06-10T09:35:04.815296,0,9,0,4746.615,succeeded,7c945450354d87fa92288f7b30e702e65432977a,"Replace only c128 fallback with CUDA graph cache keyed by input/kernel shapes and kernel data pointer; validation passed, benchmark 4746.615 us"
2026-06-10T09:35:43.202562,0,9,1,N/A,runtime_error,N/A,"Stress of c128 graph cache keyed by shape and kernel pointer in leaderboard/recheck mode OOMed: same-shape c128 kernels change repeatedly, accumulating private CUDA graph pools until GPU memory exhaustion."
2026-06-10T09:37:22.393676,0,9,2,4751.313,succeeded,4f86967caf1dc2d340165814881325db08d78ade,"Replace only c128 fallback with one CUDA graph per c128 shape, rebuilding on kernel pointer change to avoid unbounded graph accumulation; valid but slower at 4751.313 us"
2026-06-10T09:38:31.714048,0,9,3,4751.313,succeeded,4f86967caf1dc2d340165814881325db08d78ade,"Stress recheck of bounded c128 graph cache passed same-shape different-kernel correctness without OOM, but recheck timings were very slow from repeated graph rebuilds; not selected."
2026-06-10T09:39:33.849962,0,9,4,4750.991,succeeded,4a8b4bb7f8daf96631dc8deaf66840cc7f458078,Replace only c128 fallback call with prebound torch.ops.aten.conv2d.default using constant stride/padding/dilation/groups; valid but slower at 4750.991 us
2026-06-10T09:42:16.456543,0,9,5,4756.773,succeeded,d0d36bfaf3a725898c2d4a5468afebb6ff5b90ab,Replace only c128 fallback with prebound stride/padding tuple arguments to F.conv2d; valid but slower/noisy at 4756.773 us
2026-06-10T09:42:36.377285,0,9,N/A,N/A,brief_stop,N/A,"Brief 9 exhausted. Explored replacing only c128 fallback while preserving safe k8/k16 behavior. Kernel-pointer c128 CUDA graph cache validated at 4746.615 us but same-shape different-kernel stress in leaderboard/recheck mode OOMed due unbounded CUDA graph private pools. Bounded one-graph-per-shape c128 cache avoided OOM and passed stress correctness but was slower at 4751.313 us and stress timing was very slow from rebuilds. Prebound ATen conv2d fallback was 4750.991 us, and constant stride/padding tuple F.conv2d fallback was 4756.773 us. None beat safe parent best/repeats, so final HEAD restored to 552c247b3bb41c73abc869c77379abbd478538df."
2026-06-10T09:45:53.331505,0,10,N/A,N/A,brief_start,N/A,"From the safe parent, explore replacing the Python im2col+bmm c64/k16 path with a small torch.compile or scripted helper that preserves kernel-pointer safety and output semantics but reduces Python indexing/reshape overhead; stress same-shape different kernels, validate full task.yml, and keep only repeatable median improvement."
2026-06-10T09:47:42.405645,0,10,0,4754.576,succeeded,42181bcceeff0a3670d4268c0306d1d132817e6c,Replace c64/k16 im2col+bmm branch with torch.compile reduce-overhead helper while preserving k8 kernel-pointer graph safety; valid but slower/noisy at 4754.576 us
2026-06-10T09:48:18.362211,0,10,1,4754.576,succeeded,42181bcceeff0a3670d4268c0306d1d132817e6c,"Stress recheck of torch.compile k16 helper on same-shape different kernels passed correctness; single-shape recheck mean 3682.551 us but full geomean remained slower, so not selected."
2026-06-10T09:49:20.695814,0,10,2,4746.743,succeeded,55867250e2cf474777f917f7416266429f5d68fa,Replace c64/k16 im2col+bmm branch with TorchScript helper preserving output semantics and safe k8 graph keys; valid but not faster at 4746.743 us
2026-06-10T09:50:56.444658,0,10,3,4746.820,succeeded,6225ef1d5232a99118e35a1adbefe990c61433ce,Replace c64/k16 branch with plain helper using prebound im2col/bmm and constant shapes; valid but not faster at 4746.820 us
2026-06-10T09:52:14.813630,0,10,4,4745.023,succeeded,47916829cad3a3971eb5b683212324611da3346a,Keep c64/k16 branch inline but bind im2col/bmm globals and delay batch/size reads; valid and close at 4745.023 us
2026-06-10T09:54:18.257055,0,10,5,4746.698,succeeded,47916829cad3a3971eb5b683212324611da3346a,"Repeat benchmark of inline bound im2col/bmm c64/k16 candidate; still valid but regressed to 4746.698 us, so not repeatably better than safe parent."
2026-06-10T09:54:18.361615,0,10,N/A,N/A,brief_stop,N/A,"Brief 10 exhausted. Explored replacing or wrapping only the c64/k16 im2col+bmm path while preserving safe k8 graph cache key including kernel pointer. torch.compile helper validated but was slower/noisy at 4754.576 us; same-shape different-kernel recheck passed. TorchScript helper validated at 4746.743 us. Plain helper with prebound im2col/bmm/constants validated at 4746.820 us. Inline binding/delayed shape reads scored 4745.023 us once but repeat was 4746.698 us, not a repeatable median improvement over safe parent best. Final HEAD restored to safe parent 552c247b3bb41c73abc869c77379abbd478538df."
2026-06-10T09:55:53.337616,0,11,N/A,N/A,brief_start,N/A,"From the safe parent, tune only the c64/k8 CUDA graph capture layout: test safe kernel-pointer-keyed variants such as channels_last/static weight clones, fewer warmup iterations, and prebound local globals; stress same-shape different kernels and keep only repeatable median improvement without shape-only cache replay."
2026-06-10T09:57:31.270010,0,11,0,4757.168,succeeded,12872acd3c61df83922035f7563573bf8c8971bc,"Keep safe k8 graph key including kernel pointer but clone static kernel to channels_last for graph capture; valid, k8 faster but geomean slower/noisy at 4757.168 us"
2026-06-10T09:59:32.198165,0,11,1,4745.603,succeeded,9f1049ff49391af3934481bdfff88567dd069a67,Keep safe k8 graph key including kernel pointer but reduce explicit pre-capture cuDNN warmup from three calls to one; valid at 4745.603 us
2026-06-10T10:00:32.734400,0,11,2,N/A,validation_error,N/A,Zero explicit k8 pre-capture warmup failed validation: cuDNN FIND could not select an engine during CUDA graph capture and invalidated capture.
2026-06-10T10:02:03.034166,0,11,3,4746.935,succeeded,8109884bed27f83688a674790998e970cf6df363,Keep safe k8 graph key including kernel pointer and prebind empty_like/CUDAGraph/cuda.graph/synchronize globals for capture path; valid but slower at 4746.935 us
2026-06-10T10:02:34.782967,0,11,4,4745.603,succeeded,9f1049ff49391af3934481bdfff88567dd069a67,"Stress recheck of one-warmup safe k8 graph variant passed same-shape different-kernel correctness with kernel.data_ptr key; single-shape recheck timing slow from repeated graph creation, not selected."
2026-06-10T10:02:34.862176,0,11,N/A,N/A,brief_stop,N/A,"Brief 11 exhausted. Tuned only c64/k8 CUDA graph capture while preserving shape+kernel.data_ptr graph keys. Tested channels_last cloned static kernel 4757.168 us, one explicit warmup 4745.603 us plus same-shape different-kernel recheck correctness pass, zero explicit warmup failed validation because cuDNN FIND cannot run inside capture, and prebound graph helper globals 4746.935 us. None repeatably beat safe parent best, so final HEAD restored to safe parent 552c247b3bb41c73abc869c77379abbd478538df."
2026-06-10T10:04:09.245987,0,12,N/A,N/A,brief_start,N/A,"From the safe parent, tune graph/cache lifecycle overhead without changing algorithms: test bounded LRU or last-entry fast path for k8 graph states keyed by input shape, kernel shape, and kernel.data_ptr(), plus local cache lookups; stress stale-kernel safety and keep only repeatable benchmark median improvement."
2026-06-10T10:05:43.391377,0,12,0,4747.998,succeeded,952fa050697cca123301c14f7aad11e27fa0a1be,"Add last-entry k8 graph state fast path while preserving full input shape, kernel shape, and kernel.data_ptr key; valid but slower at 4747.998 us"
2026-06-10T10:08:09.137709,0,12,1,4745.269,succeeded,80f7a283dfd6649f12c557e34ce1217287cde7c9,"Replace k8 graph dict with one-entry bounded cache keyed by full input shape, kernel shape, and kernel.data_ptr; valid and close at 4745.269 us"
2026-06-10T10:09:05.439363,0,12,2,4745.269,succeeded,80f7a283dfd6649f12c557e34ce1217287cde7c9,"Stress recheck of one-entry bounded k8 cache passed same-shape different-kernel correctness with full key including kernel.data_ptr; recheck slow from graph rebuilds, no stale replay."
2026-06-10T10:10:04.726549,0,12,3,4757.901,succeeded,80f7a283dfd6649f12c557e34ce1217287cde7c9,"Repeat benchmark of one-entry bounded k8 graph cache regressed to 4757.901 us, so not a repeatable median improvement."
2026-06-10T10:10:04.818122,0,12,N/A,N/A,brief_stop,N/A,"Brief 12 exhausted. Tuned graph/cache lifecycle only while preserving full safe key of input shape, kernel shape, and kernel.data_ptr. Last-entry fast path over dict cache validated but was slower at 4747.998 us. One-entry bounded k8 cache validated at 4745.269 us, passed same-shape different-kernel stress without stale replay, but repeat normal benchmark regressed to 4757.901 us and stress recheck was slow from graph rebuilds. No repeatable median improvement over safe parent, so final HEAD restored to 552c247b3bb41c73abc869c77379abbd478538df."
2026-06-10T10:11:37.648670,0,13,N/A,N/A,brief_start,N/A,"From the safe parent, explore c64/k16 GEMM formulation alternatives that still use PyTorch/cuBLAS primitives: compare bmm versus matmul/einsum with reshaped shared weight and possible channels_last input, stress same-shape different kernels, and keep only if validation passes and repeat median beats im2col+bmm."
2026-06-10T10:13:50.422679,0,13,0,4748.059,succeeded,ffca7af1815e7173a99d0afa9d52f28c4327e523,Replace c64/k16 im2col+bmm with im2col plus torch.matmul over expanded batch weight; valid but slower at 4748.059 us
2026-06-10T10:15:07.536484,0,13,1,5272.900,succeeded,9ef04a11d68ddf47b20f5a4f976c3f0b68983203,Replace c64/k16 im2col+bmm with im2col plus torch.einsum over shared 2D weight; valid but much slower at 5272.900 us
2026-06-10T10:16:32.034283,0,13,2,5275.502,succeeded,c9fa1e331ded4abc3f8216211aba91b5703b6517,Replace c64/k16 im2col+bmm with shared-weight 2D GEMM over flattened batch/spatial columns; valid but much slower at 5275.502 us
2026-06-10T10:17:24.869618,0,13,3,4748.059,succeeded,ffca7af1815e7173a99d0afa9d52f28c4327e523,Stress recheck of c64/k16 matmul formulation passed same-shape different-kernel correctness; single-shape recheck mean 3763.733 us but full benchmark was slower than im2col+bmm.
2026-06-10T10:17:24.950445,0,13,N/A,N/A,brief_stop,N/A,"Brief 13 exhausted. Explored c64/k16 GEMM formulations using PyTorch/cuBLAS primitives while preserving safe k8 graph keying. im2col+torch.matmul over expanded batch weight validated at 4748.059 us and passed same-shape different-kernel stress but was slower than im2col+bmm. im2col+einsum with shared 2D weight was much slower at 5272.900 us. Flattened shared-weight 2D GEMM was also much slower at 5275.502 us. No repeatable improvement over parent im2col+bmm, so final HEAD restored to safe parent 552c247b3bb41c73abc869c77379abbd478538df."
2026-06-10T10:19:03.868690,0,14,N/A,N/A,brief_start,N/A,"Repeat-test and harden the selected safe parent for final submission: run official validation, same-shape different-kernel stress, and multiple locked benchmarks; document any variance in log descriptions, and only change code for a clearly safe one-line robustness fix that does not reduce median."
2026-06-10T10:20:15.474250,0,14,0,4744.329,succeeded,552c247b3bb41c73abc869c77379abbd478538df,"Final hardening run 1 on unchanged safe parent: official validation passed and locked benchmark scored 4744.329 us; k8 graph key includes input shape, kernel shape, and kernel.data_ptr."
2026-06-10T10:20:35.405575,0,14,1,4744.329,succeeded,552c247b3bb41c73abc869c77379abbd478538df,"Final hardening stress: leaderboard/recheck mode on c64/k8 and c64/k16 same-shape changing seeds passed correctness, confirming kernel-pointer graph key avoids stale k8 replay; stress timing intentionally slower due graph rebuilds."
2026-06-10T10:21:29.141630,0,14,2,4774.812,succeeded,552c247b3bb41c73abc869c77379abbd478538df,"Final hardening run 2 on unchanged safe parent: locked benchmark scored 4774.812 us, showing variance mainly from k16/c64 and k8 timings versus run 1."
2026-06-10T10:22:08.726860,0,14,3,4745.943,succeeded,552c247b3bb41c73abc869c77379abbd478538df,"Final hardening run 3 on unchanged safe parent: locked benchmark scored 4745.943 us. Three benchmark repeats were 4744.329, 4774.812, and 4745.943 us; median 4745.943 us with run-2 variance outlier."
2026-06-10T10:22:08.818277,0,14,N/A,N/A,brief_stop,N/A,"Brief 14 exhausted. Final hardening on unchanged safe parent: official validation passed, same-shape different-kernel leaderboard/recheck stress for c64/k8 and c64/k16 passed correctness confirming kernel-pointer graph cache safety, and three locked benchmarks scored 4744.329, 4774.812, and 4745.943 us (median 4745.943 us; run 2 was a variance outlier). No code change was justified; final HEAD remains safe parent 552c247b3bb41c73abc869c77379abbd478538df."
2026-06-10T10:24:56.274780,0,15,N/A,N/A,brief_start,N/A,"Independently repeat-test cleanup candidate 77eee3e for final selection: run official validation, stale same-shape kernel stress, and at least three locked benchmarks; if variance shows cleanup is not better, restore 552c247, otherwise keep 77eee3e with safe kernel-pointer graph keying."
2026-06-10T10:26:19.833977,0,15,0,4750.594,succeeded,77eee3e0c3b6fa30e72869ade2d67e6c68e00796,Repeat-test cleanup candidate 77eee3e run 1: official validation passed; locked benchmark scored 4750.594 us with safe k8 graph key including kernel.data_ptr.
2026-06-10T10:26:48.771659,0,15,1,4750.594,succeeded,77eee3e0c3b6fa30e72869ade2d67e6c68e00796,"Cleanup candidate 77eee3e stale-kernel stress passed: leaderboard/recheck mode with same-shape changing seeds for c64/k8 and c64/k16 reported check pass, confirming no stale k8 graph replay."
2026-06-10T10:27:12.761633,0,15,2,4753.690,succeeded,77eee3e0c3b6fa30e72869ade2d67e6c68e00796,"Repeat-test cleanup candidate 77eee3e run 2: locked benchmark scored 4753.690 us, slower than safe parent median."
2026-06-10T10:27:47.980054,0,15,3,4768.978,succeeded,77eee3e0c3b6fa30e72869ade2d67e6c68e00796,"Repeat-test cleanup candidate 77eee3e run 3: locked benchmark scored 4768.978 us. Three-repeat median 4753.690 us, worse than safe parent hardening median 4745.943 us."
2026-06-10T10:27:48.059026,0,15,N/A,N/A,brief_stop,N/A,"Brief 15 exhausted. Cleanup candidate 77eee3e preserves safe kernel-pointer k8 graph keying and official validation passed; stale same-shape changing-seed stress for c64/k8 and c64/k16 also passed. However three locked benchmarks scored 4750.594, 4753.690, and 4768.978 us (median 4753.690 us), worse than safe parent 552c247 hardening median 4745.943 us. Restored final HEAD to safe parent 552c247b3bb41c73abc869c77379abbd478538df."
2026-06-10T10:29:45.432935,0,16,N/A,N/A,brief_start,N/A,"Prepare a final-candidate audit branch from 552c247: verify worktree cleanliness, inspect submission.py for unsafe shape-only caching or stray debug code, run validation and one locked benchmark, and leave HEAD unchanged unless an obvious safety regression is found."
2026-06-10T10:30:54.627577,0,16,0,4747.239,succeeded,552c247b3bb41c73abc869c77379abbd478538df,"Final audit branch from 552c247: worktree clean, source inspection found no shape-only cache or debug code, official validation passed, and one locked benchmark scored 4747.239 us."
2026-06-10T10:30:54.703382,0,16,N/A,N/A,brief_stop,N/A,"Brief 16 exhausted. Audited final candidate 552c247: worktree was clean, submission.py keeps safe k8 graph cache key with input shape, kernel shape, and kernel.data_ptr, and scan found no unsafe shape-only cache or stray debug code. Wrapped build and validation passed; wrapped locked benchmark scored 4747.239 us, consistent with prior safe-parent variance. No safety regression found and no code changes made; final HEAD remains 552c247b3bb41c73abc869c77379abbd478538df."
2026-06-10T10:33:10.679928,0,17,N/A,N/A,brief_start,N/A,"Run another independent final benchmark cycle for 552c247 with official validation and stale-kernel stress first; record the result for variance tracking, make no code changes, and leave HEAD on the safe parent."
2026-06-10T10:34:24.607392,0,17,0,4747.425,succeeded,552c247b3bb41c73abc869c77379abbd478538df,Independent final benchmark cycle on safe parent: build and official validation passed; stale same-shape c64/k8+c64/k16 stress passed; locked benchmark scored 4747.425 us.
2026-06-10T10:34:24.695928,0,17,N/A,N/A,brief_stop,N/A,"Brief 17 exhausted. Ran another independent final cycle for safe parent 552c247 with no code changes: wrapped build passed, official validation passed, same-shape changing-seed stress for c64/k8 and c64/k16 passed correctness, and locked benchmark scored 4747.425 us. Final HEAD remains safe parent 552c247b3bb41c73abc869c77379abbd478538df."
2026-06-10T10:36:11.765901,0,18,N/A,N/A,brief_start,N/A,"Final artifact-copy audit for 552c247: verify the exact submission.py contents can stand alone under the task harness, run validation, and record one locked benchmark; make no code changes and leave HEAD unchanged."
2026-06-10T10:37:23.038769,0,18,0,4747.313,succeeded,552c247b3bb41c73abc869c77379abbd478538df,Final artifact-copy audit for exact submission.py sha256 38728672c73b23fc0751eab08e15f93c17cdcbde5e4d7b636587de9253ef2c2b: wrapped build and validation passed; locked benchmark scored 4747.313 us.
2026-06-10T10:37:23.135416,0,18,N/A,N/A,brief_stop,N/A,"Brief 18 exhausted. Exact submission.py contents at safe parent 552c247 were inspected and hashed as 38728672c73b23fc0751eab08e15f93c17cdcbde5e4d7b636587de9253ef2c2b; no code changes made. Wrapped build passed, official validation passed, and locked benchmark scored 4747.313 us. Final HEAD remains 552c247b3bb41c73abc869c77379abbd478538df."
2026-06-10T10:39:29.765259,0,19,N/A,N/A,brief_start,N/A,"No-change final validation pass for 552c247: verify worktree clean, run official validation, and log final safe candidate hash; leave HEAD unchanged."
2026-06-10T10:40:22.579950,0,19,0,4747.313,succeeded,552c247b3bb41c73abc869c77379abbd478538df,"No-change final validation pass for safe parent 552c247: worktree clean, submission hash 38728672c73b23fc0751eab08e15f93c17cdcbde5e4d7b636587de9253ef2c2b, wrapped build passed, official validation passed. Metric repeated from parent context because no benchmark was requested in brief."
2026-06-10T10:40:22.654385,0,19,N/A,N/A,brief_stop,N/A,"Brief 19 exhausted. No code changes made. Verified worktree clean at safe parent 552c247b3bb41c73abc869c77379abbd478538df, submission.py sha256 38728672c73b23fc0751eab08e15f93c17cdcbde5e4d7b636587de9253ef2c2b, wrapped build passed, and official validation passed. Final HEAD unchanged."
2026-06-10T10:40:47.484016,0,20,N/A,N/A,brief_start,N/A,"Probe a safe c64/k8 graph replay micro-optimization: test whether preallocating static_input without channels_last or changing only copy memory_format affects replay latency, while preserving kernel-pointer graph keying; validate stale-kernel safety and keep only repeatable improvement."
2026-06-10T10:42:04.310058,0,20,0,5625.996,succeeded,1c329079d4f706b01e22893977971270819659fc,"Change only k8 graph static_input allocation from channels_last to default contiguous while preserving full kernel-pointer graph key; valid but k8 replay much slower, geomean 5625.996 us"
2026-06-10T10:43:28.748771,0,20,1,4749.022,succeeded,25eefb9db5da9ba45240ef3cc115f234b02fb611,Change only k8 graph static_input copy calls to non_blocking=True while preserving channels_last allocation and kernel-pointer graph key; valid but slower/noisy at 4749.022 us
2026-06-10T10:43:28.834288,0,20,N/A,N/A,brief_stop,N/A,"Brief 20 exhausted. Tested safe c64/k8 graph replay layout micro-optimizations while preserving full kernel-pointer graph keying. Default contiguous static_input allocation validated but made k8 replay much slower, geomean 5625.996 us. Keeping channels_last allocation but changing static_input.copy_ to non_blocking=True validated but was slower/noisy at 4749.022 us. No repeatable improvement; final HEAD restored to safe parent 552c247b3bb41c73abc869c77379abbd478538df."
2026-06-10T10:45:14.892851,0,21,N/A,N/A,brief_start,N/A,"Explore safe specialization of c64/k16 only for batch=4 benchmark shape by precomputing out_size and avoiding dynamic tuple construction/expand where possible; stress same-shape different kernels, validate all shapes, and keep only repeatable improvement over 552c247."
2026-06-10T10:46:39.439044,0,21,0,4746.105,succeeded,31c403175d5bb6170fec268f1bda3c47e7416c35,Specialize c64/k16 batch=4 size=128 path with prebound im2col/bmm constants and fixed output shape while preserving safe k8 kernel-pointer graph key; valid at 4746.105 us
2026-06-10T10:47:36.203996,0,21,1,4757.109,succeeded,31c403175d5bb6170fec268f1bda3c47e7416c35,"Repeat/stress of c64/k16 batch=4 specialization: same-shape changing-kernel recheck passed correctness, but repeat full benchmark regressed to 4757.109 us, so not a repeatable improvement."
2026-06-10T10:47:36.298755,0,21,N/A,N/A,brief_stop,N/A,"Brief 21 exhausted. Tested c64/k16 batch=4 specialization with prebound im2col/bmm constants and fixed output shape while preserving safe k8 kernel-pointer graph key. Initial validation+benchmark scored 4746.105 us, but same-shape changing-kernel stress plus repeat full benchmark showed no repeatable improvement: repeat was 4757.109 us. Final HEAD restored to safe parent 552c247b3bb41c73abc869c77379abbd478538df."
2026-06-10T10:49:14.458825,0,22,N/A,N/A,brief_start,N/A,"Independently repeat-test c64/k16 unfold candidate 407b06a from a fresh worker: validation, stale-kernel stress, and three locked benchmarks; restore 552c247 if unfold is not repeatably better, otherwise keep 407b06a as safe final candidate."
2026-06-10T10:50:28.179459,0,22,N/A,N/A,brief_start,N/A,"Independently repeat-test c64/k16 unfold candidate 407b06a from a fresh worker: validation, stale-kernel stress, and three locked benchmarks; restore 552c247 if unfold is not repeatably better, otherwise keep 407b06a as safe final candidate."
2026-06-10T10:53:35.067156,0,22,0,4745.928,succeeded,407b06a777b4a88de3593551a03585ccdd89579f,brief 22 repeat-test of c64/k16 F.unfold candidate 407b06a; validation and stale same-shape k8/k16 changing-seed stress passed; locked benchmark repeat metric 4745.928400 us
2026-06-10T10:53:35.152148,0,22,1,4745.886,succeeded,407b06a777b4a88de3593551a03585ccdd89579f,brief 22 repeat-test of c64/k16 F.unfold candidate 407b06a; validation and stale same-shape k8/k16 changing-seed stress passed; locked benchmark repeat metric 4745.885688 us
2026-06-10T10:53:35.235970,0,22,2,4751.068,succeeded,407b06a777b4a88de3593551a03585ccdd89579f,brief 22 repeat-test of c64/k16 F.unfold candidate 407b06a; validation and stale same-shape k8/k16 changing-seed stress passed; locked benchmark repeat metric 4751.068265 us
2026-06-10T10:53:35.335851,0,22,N/A,N/A,brief_stop,N/A,"brief 22 exhausted: 407b06a validated and passed stale same-shape k8/k16 stress, but three locked repeats were 4745.928400, 4745.885688, 4751.068265 us, not repeatably better than safe 552c247 range; restored HEAD to 552c247 with kernel.data_ptr graph-cache keying."
2026-06-10T10:54:49.073251,0,23,N/A,N/A,brief_start,N/A,Return worker 0 to selected safe parent 552c247 and run no-change validation plus one benchmark after rejecting unfold; log final hash and keep HEAD unchanged.
2026-06-10T10:55:47.494963,0,23,0,4748.049,succeeded,552c247b3bb41c73abc869c77379abbd478538df,"brief 23 no-change safety check on selected safe parent 552c247: build ok, official validation passed, one locked benchmark 4748.049018 us; HEAD unchanged with kernel.data_ptr graph-cache keying"
2026-06-10T10:55:47.571854,0,23,N/A,N/A,brief_stop,N/A,brief 23 exhausted: no code changes made; final HEAD remains 552c247b3bb41c73abc869c77379abbd478538df (552c247) after validation pass and one benchmark at 4748.049018 us; safe kernel-pointer graph cache key preserved.
2026-06-10T10:57:02.631922,0,24,N/A,N/A,brief_start,N/A,"No-change final benchmark repetition for 552c247 after all unfold retests: validate once, run one locked benchmark, and leave HEAD unchanged."
2026-06-10T10:58:13.355787,0,24,0,4745.554,succeeded,552c247b3bb41c73abc869c77379abbd478538df,"brief 24 no-change final repetition on 552c247: official validation passed, one locked benchmark 4745.553858 us, HEAD unchanged with kernel.data_ptr graph-cache keying"
2026-06-10T10:58:13.460911,0,24,N/A,N/A,brief_stop,N/A,"brief 24 exhausted: no code changes made; final HEAD remains 552c247b3bb41c73abc869c77379abbd478538df (552c247), validation passed and benchmark measured 4745.553858 us; safe kernel-pointer graph cache key preserved."
2026-06-10T11:00:01.299402,0,25,N/A,N/A,brief_start,N/A,"From safe parent 552c247, explore a c64/k16 reshape strategy that avoids expand by using torch.matmul or batched weight views with identical im2col columns; validate all shapes, stress k8 pointer-cache safety, and keep only if repeat median beats parent."
2026-06-10T11:02:28.825506,0,25,0,4748.295,succeeded,cb3f60c44b5418673facd2c8508cf3415db37fa4,"brief 25 variant A: c64/k16 uses 2D weight torch.matmul(columns) instead of expanded bmm; validation and k8/k16 stale stress passed; benchmark repeats 4748.294549, 4755.298900, 4747.569491 us, median 4748.294549, slower than parent"
2026-06-10T11:04:58.159026,0,25,1,4749.887,succeeded,3b6252a03cf10b779db5544ca531d34649a41422,"brief 25 variant B: c64/k16 uses kernel.reshape(1,C,K) with torch.matmul(columns) to avoid explicit expand; validation and k8/k16 stale stress passed; benchmark repeats 4757.592294, 4749.886842, 4745.854493 us, median 4749.886842, slower than parent"
2026-06-10T11:07:41.554016,0,25,2,5282.718,succeeded,5b46267ecda7715a22bf0bb2824f64ded4f64135,"brief 25 variant C: flatten batch columns into one Kx(B*L) matmul to avoid expanded bmm; validation and k8/k16 stale stress passed; benchmark repeats 5282.717757, 5293.059450, 5274.576495 us, median 5282.717757, much slower than parent"
2026-06-10T11:08:36.358904,0,25,3,4784.858,succeeded,6dbdf65eb6fc454c614043f2b85855d01b2e0735,"brief 25 variant D: c64/k16 uses columns.transpose(1,2) @ weight.t() then transpose back to avoid explicit expand; validation and stale stress passed; first locked benchmark 4784.858268 us, clearly slower than parent so no repeat pursued"
2026-06-10T11:08:36.469879,0,25,N/A,N/A,brief_stop,N/A,"brief 25 exhausted: tested no-expand c64/k16 reshape strategies A 2D matmul median 4748.294549, B singleton-batch matmul median 4749.886842, C flat-batch matmul median 5282.717757, D transposed matmul 4784.858268 first run; all validated and stress-safe but none beat parent 552c247, restored final HEAD to 552c247b3bb41c73abc869c77379abbd478538df with kernel.data_ptr graph-cache keying."
2026-06-10T11:09:42.499180,0,26,N/A,N/A,brief_start,N/A,"Second independent retest of safe c64/k16 graph-capture candidate 953d918 versus 552c247: run full validation, k16 same-shape different-kernel stress, and at least three locked benchmarks on candidate and parent; keep candidate only if median remains clearly better."
2026-06-10T11:11:15.407467,0,26,0,N/A,runtime_error,953d9188ee2f8427aa13375fbe2f12d11bb0ed71,"brief 26 candidate 953d918: build ok and official validation passed, but k16 same-shape different-kernel stress OOMed from CUDA graph private pools (~168 GiB), unsafe despite kernel.data_ptr keying; rejecting before benchmarks"
2026-06-10T11:12:47.102052,0,26,1,4756.459,succeeded,552c247b3bb41c73abc869c77379abbd478538df,brief 26 safe parent 552c247 comparison benchmark after rejecting 953d918 k16 graph candidate for same-shape different-kernel OOM; locked parent metric 4756.458775 us
2026-06-10T11:12:47.179561,0,26,2,4746.133,succeeded,552c247b3bb41c73abc869c77379abbd478538df,brief 26 safe parent 552c247 comparison benchmark after rejecting 953d918 k16 graph candidate for same-shape different-kernel OOM; locked parent metric 4746.133007 us
2026-06-10T11:12:47.258938,0,26,3,4749.649,succeeded,552c247b3bb41c73abc869c77379abbd478538df,brief 26 safe parent 552c247 comparison benchmark after rejecting 953d918 k16 graph candidate for same-shape different-kernel OOM; locked parent metric 4749.649359 us
2026-06-10T11:12:47.334247,0,26,N/A,N/A,brief_stop,N/A,"brief 26 exhausted: candidate 953d918 had safe-looking kernel.data_ptr keys and official validation passed, but k16 same-shape different-kernel stress OOMed from CUDA graph private pools, so candidate rejected; parent 552c247 benchmarks 4756.458775, 4746.133007, 4749.649359 us and final HEAD remains 552c247b3bb41c73abc869c77379abbd478538df."
2026-06-10T11:14:33.746280,0,27,N/A,N/A,brief_start,N/A,"Final safety and repeatability check for module-bound helper candidate 16f008f: inspect that only im2col/bmm/constants changed, validate, run k8 stale-kernel stress, run multiple locked benchmarks, and keep 16f008f only if median remains competitive with 552c247."
2026-06-10T11:18:31.740533,0,27,0,4748.122,succeeded,16f008fabb3c9f68fd2c24a3185fc7ce1e4ed5c6,brief 27 module-bound helper candidate 16f008f: validation and k8 stale-kernel stress passed; locked candidate repeat metric 4748.121695 us
2026-06-10T11:18:31.815021,0,27,1,4745.795,succeeded,16f008fabb3c9f68fd2c24a3185fc7ce1e4ed5c6,brief 27 module-bound helper candidate 16f008f: validation and k8 stale-kernel stress passed; locked candidate repeat metric 4745.794713 us
2026-06-10T11:18:31.888845,0,27,2,4752.463,succeeded,16f008fabb3c9f68fd2c24a3185fc7ce1e4ed5c6,brief 27 module-bound helper candidate 16f008f: validation and k8 stale-kernel stress passed; locked candidate repeat metric 4752.462870 us
2026-06-10T11:18:31.963068,0,27,3,4753.597,succeeded,16f008fabb3c9f68fd2c24a3185fc7ce1e4ed5c6,brief 27 module-bound helper candidate 16f008f: validation and k8 stale-kernel stress passed; locked candidate repeat metric 4753.597381 us
2026-06-10T11:18:32.034781,0,27,4,4745.422,succeeded,16f008fabb3c9f68fd2c24a3185fc7ce1e4ed5c6,brief 27 module-bound helper candidate 16f008f: validation and k8 stale-kernel stress passed; locked candidate repeat metric 4745.422319 us
2026-06-10T11:18:32.104992,0,27,5,4748.596,succeeded,552c247b3bb41c73abc869c77379abbd478538df,brief 27 safe parent 552c247 comparison locked metric 4748.595922 us
2026-06-10T11:18:32.174396,0,27,6,4751.406,succeeded,552c247b3bb41c73abc869c77379abbd478538df,brief 27 safe parent 552c247 comparison locked metric 4751.405738 us
2026-06-10T11:18:32.247495,0,27,7,4770.080,succeeded,552c247b3bb41c73abc869c77379abbd478538df,brief 27 safe parent 552c247 comparison locked metric 4770.079597 us
2026-06-10T11:18:32.320708,0,27,N/A,N/A,brief_stop,N/A,"brief 27 exhausted: 16f008f only binds im2col/bmm/constants, preserves kernel.data_ptr graph keying, validates, and passes k8 stale stress; five candidate repeats median 4748.121695 vs fresh parent repeats median 4751.405738, competitive, so final HEAD kept at 16f008fabb3c9f68fd2c24a3185fc7ce1e4ed5c6."
2026-06-10T11:19:46.635367,0,28,N/A,N/A,brief_start,N/A,"Final tie-break retest of safe module-bound helper 16f008f versus selected parent 552c247: run validation and stale-kernel stress for both, collect fresh locked benchmark repeats, and keep 16f008f only if it clearly beats 552c247 median."
2026-06-10T11:24:35.535210,0,28,0,4750.483,succeeded,16f008fabb3c9f68fd2c24a3185fc7ce1e4ed5c6,brief 28 candidate 16f008f tie-break repeat: validation and stale stress passed; locked candidate metric 4750.483048 us
2026-06-10T11:24:35.611635,0,28,1,4748.428,succeeded,16f008fabb3c9f68fd2c24a3185fc7ce1e4ed5c6,brief 28 candidate 16f008f tie-break repeat: validation and stale stress passed; locked candidate metric 4748.427937 us
2026-06-10T11:24:35.687376,0,28,2,4751.452,succeeded,16f008fabb3c9f68fd2c24a3185fc7ce1e4ed5c6,brief 28 candidate 16f008f tie-break repeat: validation and stale stress passed; locked candidate metric 4751.451514 us
2026-06-10T11:24:35.759695,0,28,3,4746.887,succeeded,16f008fabb3c9f68fd2c24a3185fc7ce1e4ed5c6,brief 28 candidate 16f008f tie-break repeat: validation and stale stress passed; locked candidate metric 4746.886856 us
2026-06-10T11:24:35.831912,0,28,4,4747.481,succeeded,16f008fabb3c9f68fd2c24a3185fc7ce1e4ed5c6,brief 28 candidate 16f008f tie-break repeat: validation and stale stress passed; locked candidate metric 4747.480970 us
2026-06-10T11:24:35.900044,0,28,5,4746.816,succeeded,552c247b3bb41c73abc869c77379abbd478538df,brief 28 parent 552c247 tie-break repeat: validation and stale stress passed; locked parent metric 4746.816394 us
2026-06-10T11:24:35.975711,0,28,6,4748.237,succeeded,552c247b3bb41c73abc869c77379abbd478538df,brief 28 parent 552c247 tie-break repeat: validation and stale stress passed; locked parent metric 4748.237013 us
2026-06-10T11:24:36.048627,0,28,7,4747.263,succeeded,552c247b3bb41c73abc869c77379abbd478538df,brief 28 parent 552c247 tie-break repeat: validation and stale stress passed; locked parent metric 4747.262948 us
2026-06-10T11:24:36.122815,0,28,8,4751.368,succeeded,552c247b3bb41c73abc869c77379abbd478538df,brief 28 parent 552c247 tie-break repeat: validation and stale stress passed; locked parent metric 4751.367689 us
2026-06-10T11:24:36.195310,0,28,9,4748.533,succeeded,552c247b3bb41c73abc869c77379abbd478538df,brief 28 parent 552c247 tie-break repeat: validation and stale stress passed; locked parent metric 4748.532985 us
2026-06-10T11:24:36.289442,0,28,N/A,N/A,brief_stop,N/A,"brief 28 exhausted: both 16f008f and 552c247 validated and passed stale stress. Candidate five-repeat median 4748.427937 vs parent five-repeat median 4748.237013, no clear candidate win; restored final HEAD to selected safe parent 552c247b3bb41c73abc869c77379abbd478538df with kernel.data_ptr graph-cache keying."
2026-06-10T11:25:52.652865,0,29,N/A,N/A,brief_start,N/A,"Final no-change audit for restored 552c247 after helper tie-break: confirm direct im2col/bmm c64/k16 path, no helper-bound globals, pointer-safe k8 graph key, full validation, one locked benchmark, and leave HEAD unchanged."
2026-06-10T11:27:17.709526,0,29,0,4747.225,succeeded,552c247b3bb41c73abc869c77379abbd478538df,"brief 29 no-change audit on restored 552c247: direct torch._C._nn.im2col and torch.bmm c64/k16 path confirmed, helper-bound globals absent, kernel.data_ptr k8 graph key confirmed, validation passed, one locked benchmark 4747.225346 us"
2026-06-10T11:27:17.805390,0,29,N/A,N/A,brief_stop,N/A,"brief 29 exhausted: no code changes made; final HEAD remains 552c247b3bb41c73abc869c77379abbd478538df (552c247), validation passed, benchmark 4747.225346 us, direct im2col/bmm path and pointer-safe k8 graph key preserved."
2026-06-10T11:28:29.090201,0,30,N/A,N/A,brief_start,N/A,"Repeat plain-parent 552c247 comparator for final decision: validation already expected, confirm direct c64/k16 im2col/bmm and pointer-safe k8 key, run three locked benchmarks if feasible, and leave HEAD unchanged."
2026-06-10T11:30:10.369315,0,30,0,4746.419,succeeded,552c247b3bb41c73abc869c77379abbd478538df,brief 30 no-change plain-parent comparator 552c247: direct im2col/bmm and pointer-safe k8 key confirmed; locked benchmark metric 4746.419347 us
2026-06-10T11:30:10.459201,0,30,1,4746.782,succeeded,552c247b3bb41c73abc869c77379abbd478538df,brief 30 no-change plain-parent comparator 552c247: direct im2col/bmm and pointer-safe k8 key confirmed; locked benchmark metric 4746.782111 us
2026-06-10T11:30:10.548062,0,30,2,4755.329,succeeded,552c247b3bb41c73abc869c77379abbd478538df,brief 30 no-change plain-parent comparator 552c247: direct im2col/bmm and pointer-safe k8 key confirmed; locked benchmark metric 4755.329083 us
2026-06-10T11:30:10.631372,0,30,N/A,N/A,brief_stop,N/A,"brief 30 exhausted: no code changes; final HEAD remains 552c247b3bb41c73abc869c77379abbd478538df (552c247). Confirmed helper globals absent, direct c64/k16 im2col/bmm, kernel.data_ptr k8 graph key. Three locked benchmarks 4746.419347, 4746.782111, 4755.329083 us, median 4746.782111."
2026-06-10T11:31:53.606023,0,31,N/A,N/A,brief_start,N/A,"No-change final validation for selected 552c247: confirm plain im2col+bmm c64/k16 path, no helper globals, pointer-safe k8 graph key, run validation and one benchmark, leave HEAD unchanged."
2026-06-10T11:32:40.508075,0,31,0,4763.395,succeeded,552c247b3bb41c73abc869c77379abbd478538df,"brief 31 no-change final validation on selected 552c247: helper globals absent, plain im2col+bmm c64/k16 path and kernel.data_ptr k8 graph key confirmed, validation passed, one locked benchmark 4763.395500 us"
2026-06-10T11:32:40.590748,0,31,N/A,N/A,brief_stop,N/A,"brief 31 exhausted: no code changes; final HEAD remains 552c247b3bb41c73abc869c77379abbd478538df (552c247), validation passed, benchmark 4763.395500 us, plain im2col+bmm and pointer-safe graph key preserved."
2026-06-10T11:33:58.906654,0,32,N/A,N/A,brief_start,N/A,"From selected safe 552c247, explore using channels_last conversion only for non-k8 c128 fallback calls to improve cuDNN layout without touching k8 graph cache or c64/k16 im2col path; validate, benchmark repeats, and keep only clear median win."
2026-06-10T11:37:34.946307,0,32,0,4815.370,succeeded,d62d305d3e6783ab2c0382e23c8d9dfb71334c89,"brief 32 c128 fallback channels_last input conversion variant: validation passed; locked benchmark metric 4815.370059 us, clear loss versus selected parent"
2026-06-10T11:37:35.036803,0,32,1,4809.011,succeeded,d62d305d3e6783ab2c0382e23c8d9dfb71334c89,"brief 32 c128 fallback channels_last input conversion variant: validation passed; locked benchmark metric 4809.010823 us, clear loss versus selected parent"
2026-06-10T11:37:35.127763,0,32,2,4807.837,succeeded,d62d305d3e6783ab2c0382e23c8d9dfb71334c89,"brief 32 c128 fallback channels_last input conversion variant: validation passed; locked benchmark metric 4807.836883 us, clear loss versus selected parent"
2026-06-10T11:37:35.246118,0,32,N/A,N/A,brief_stop,N/A,"brief 32 exhausted: channels_last conversion only for c128 fallback validated but benchmarked 4815.370059, 4809.010823, 4807.836883 us (median 4809.010823), worse than parent; restored final HEAD to 552c247b3bb41c73abc869c77379abbd478538df with k8 pointer-safe graph key and c64/k16 im2col path unchanged."
2026-06-10T11:38:55.496126,0,33,N/A,N/A,brief_start,N/A,"From selected safe 552c247, probe using torch._C._nn.im2col+bmm for c128/k32 as a no-graph alternative to cuDNN fallback; validate all shapes, benchmark repeats, and reject unless clear median improvement without memory issues."
2026-06-10T11:40:38.165505,0,33,0,6915.326,succeeded,27159f2a362748c9c882fba7dffa58a428e3ffb6,"brief 33 c128/k32 im2col+bmm fallback candidate: validation passed but benchmark metric 6915.325761 us, much slower than cuDNN parent"
2026-06-10T11:40:38.244689,0,33,1,6933.339,succeeded,27159f2a362748c9c882fba7dffa58a428e3ffb6,"brief 33 c128/k32 im2col+bmm fallback candidate: validation passed but benchmark metric 6933.338539 us, much slower than cuDNN parent"
2026-06-10T11:40:38.321044,0,33,2,6922.467,succeeded,27159f2a362748c9c882fba7dffa58a428e3ffb6,"brief 33 c128/k32 im2col+bmm fallback candidate: validation passed but benchmark metric 6922.466516 us, much slower than cuDNN parent"
2026-06-10T11:40:38.405495,0,33,N/A,N/A,brief_stop,N/A,"brief 33 exhausted: c128/k32 im2col+bmm no-graph alternative validated but k32 shape ran about 49.5 ms and overall repeats 6915.325761, 6933.338539, 6922.466516 us; rejected and restored final HEAD to 552c247b3bb41c73abc869c77379abbd478538df."
2026-06-10T11:41:58.544135,0,34,N/A,N/A,brief_start,N/A,"No-change selected-parent checkpoint after failed c128 im2col probes: validate, confirm c128 remains cuDNN fallback and c64/k16 remains im2col+bmm, benchmark once, leave HEAD unchanged."
2026-06-10T11:42:55.930070,0,34,0,4748.124,succeeded,552c247b3bb41c73abc869c77379abbd478538df,"brief 34 no-change selected-parent checkpoint: validation passed, c128/k32 special path absent so c128 remains cuDNN fallback, c64/k16 direct im2col+bmm and kernel.data_ptr graph key confirmed, benchmark 4748.123928 us"
2026-06-10T11:42:56.003997,0,34,N/A,N/A,brief_stop,N/A,"brief 34 exhausted: no code changes; final HEAD remains 552c247b3bb41c73abc869c77379abbd478538df (552c247). Validation passed; c128 remains cuDNN fallback, c64/k16 remains im2col+bmm, k8 pointer-safe graph key preserved; one benchmark 4748.123928 us."
2026-06-10T11:44:22.404863,0,35,N/A,N/A,brief_start,N/A,"No-change selected-parent benchmark checkpoint while other probes run: validate if needed, confirm k8 pointer-safe graph and c64/k16 im2col+bmm path, run one locked benchmark, leave HEAD unchanged."
2026-06-10T11:45:41.311449,0,35,0,4747.980,succeeded,552c247b3bb41c73abc869c77379abbd478538df,"brief 35 no-change selected-parent checkpoint: validation passed, k8 kernel.data_ptr graph key and c64/k16 direct im2col+bmm path confirmed, one locked benchmark 4747.979578 us"
2026-06-10T11:45:41.398529,0,35,N/A,N/A,brief_stop,N/A,"brief 35 exhausted: no code changes; final HEAD remains 552c247b3bb41c73abc869c77379abbd478538df (552c247), validation passed, benchmark 4747.979578 us, pointer-safe k8 graph and c64/k16 im2col+bmm preserved."
2026-06-10T11:47:01.121356,0,36,N/A,N/A,brief_start,N/A,"No-change final source and benchmark check for selected 552c247 after recent rejected probes: validate, confirm no variant leftovers, benchmark once, and leave HEAD unchanged."
2026-06-10T11:47:45.613798,0,36,0,4748.468,succeeded,552c247b3bb41c73abc869c77379abbd478538df,"brief 36 no-change final source/benchmark check: no rejected variant leftovers found, validation passed, one locked benchmark 4748.468462 us"
2026-06-10T11:47:45.690683,0,36,N/A,N/A,brief_stop,N/A,"brief 36 exhausted: no code changes; final HEAD remains 552c247b3bb41c73abc869c77379abbd478538df (552c247), no variant leftovers, validation passed, benchmark 4748.468462 us."
2026-06-10T11:50:00.602931,0,37,N/A,N/A,brief_start,N/A,"Safety audit selected 552c247 under many same-shape k8 kernel pointers: stress graph-cache growth for OOM risk, confirm key includes kernel.data_ptr and no stale replay, then restore unchanged and log whether cache size is acceptable."
2026-06-10T11:50:58.553240,0,37,0,4748.468,succeeded,552c247b3bb41c73abc869c77379abbd478538df,"brief 37 safety audit on selected 552c247: k8 graph key includes input shape, kernel shape, and kernel.data_ptr; 32 and 128 same-shape different-kernel stress runs passed with no stale replay; graph cache grew linearly to 128 entries, max reserved 12067012608 bytes, acceptable for benchmark kernel counts but not bounded for arbitrary many distinct pointers"
2026-06-10T11:50:58.632121,0,37,N/A,N/A,brief_stop,N/A,"brief 37 exhausted: no code changes; final HEAD remains 552c247b3bb41c73abc869c77379abbd478538df (552c247). Pointer-safe k8 graph key confirmed. Same-shape different-kernel stress passed for 128 kernels, cache size 128 and max reserved 12.07 GB; no stale replay/OOM observed, cache growth acceptable for benchmark use but linearly pointer-count dependent."
2026-06-10T11:52:25.672461,0,38,N/A,N/A,brief_start,N/A,"Explore adding a small max-size guard to the k8 graph cache to avoid unbounded distinct-kernel growth while preserving benchmark speed for repeated kernels; stress many kernels, validate, benchmark repeats, keep only if safe and no median regression."
2026-06-10T11:55:08.339342,0,38,0,4763.886,succeeded,5dc2bc517e5e283a0069cd5fd9f70cba60c92f6c,brief 38 bounded k8 graph cache candidate: validation passed and 128 distinct-kernel stress capped cache at 16 graphs/max reserved 1656750080 bytes; locked benchmark metric 4763.886344 us
2026-06-10T11:55:08.426652,0,38,1,4773.995,succeeded,5dc2bc517e5e283a0069cd5fd9f70cba60c92f6c,brief 38 bounded k8 graph cache candidate: validation passed and 128 distinct-kernel stress capped cache at 16 graphs/max reserved 1656750080 bytes; locked benchmark metric 4773.994811 us
2026-06-10T11:55:08.511282,0,38,2,4759.449,succeeded,5dc2bc517e5e283a0069cd5fd9f70cba60c92f6c,brief 38 bounded k8 graph cache candidate: validation passed and 128 distinct-kernel stress capped cache at 16 graphs/max reserved 1656750080 bytes; locked benchmark metric 4759.448907 us
2026-06-10T11:55:08.587196,0,38,3,4748.075,succeeded,5dc2bc517e5e283a0069cd5fd9f70cba60c92f6c,brief 38 bounded k8 graph cache candidate: validation passed and 128 distinct-kernel stress capped cache at 16 graphs/max reserved 1656750080 bytes; locked benchmark metric 4748.075469 us
2026-06-10T11:55:08.662585,0,38,4,4746.304,succeeded,5dc2bc517e5e283a0069cd5fd9f70cba60c92f6c,brief 38 bounded k8 graph cache candidate: validation passed and 128 distinct-kernel stress capped cache at 16 graphs/max reserved 1656750080 bytes; locked benchmark metric 4746.304126 us
2026-06-10T11:55:08.752707,0,38,N/A,N/A,brief_stop,N/A,"brief 38 exhausted: bounded cache candidate was safe and reduced 128-kernel stress memory to max reserved 1.66 GB with 16 cached graphs, but five-repeat median 4759.448907 regressed versus selected parent; rejected and restored final HEAD to 552c247b3bb41c73abc869c77379abbd478538df."
2026-06-10T11:56:25.396231,0,39,N/A,N/A,brief_start,N/A,"No-change selected-parent checkpoint after bounded-cache rejection: validate, confirm unbounded pointer-keyed k8 graph cache and c64/k16 im2col path restored, benchmark once, leave HEAD unchanged."
2026-06-10T11:57:10.167005,0,39,0,4749.493,succeeded,552c247b3bb41c73abc869c77379abbd478538df,"brief 39 no-change selected-parent checkpoint: bounded-cache leftovers absent, unbounded pointer-keyed k8 graph cache and c64/k16 im2col+bmm path restored, validation passed, one locked benchmark 4749.493094 us"
2026-06-10T11:57:10.244602,0,39,N/A,N/A,brief_stop,N/A,"brief 39 exhausted: no code changes; final HEAD remains 552c247b3bb41c73abc869c77379abbd478538df (552c247), validation passed, benchmark 4749.493094 us, unbounded pointer-keyed k8 graph cache and c64/k16 im2col+bmm path restored."
2026-06-10T11:59:31.651948,0,40,N/A,N/A,brief_start,N/A,"From selected safe 552c247, try a channels_last conversion only for the c64/k16 im2col path before torch._C._nn.im2col to improve memory access; validate equivalence, benchmark repeats, keep only clear median win."
2026-06-10T12:01:14.488187,0,40,0,4760.814,succeeded,81b6b633dc6eca2d6153da7e98e57e3eca4a7786,"brief 40 c64/k16 channels_last before im2col candidate: validation passed but locked benchmark metric 4760.813687 us, slower than selected parent"
2026-06-10T12:01:14.572969,0,40,1,4758.581,succeeded,81b6b633dc6eca2d6153da7e98e57e3eca4a7786,"brief 40 c64/k16 channels_last before im2col candidate: validation passed but locked benchmark metric 4758.580502 us, slower than selected parent"
2026-06-10T12:01:14.658497,0,40,2,4758.272,succeeded,81b6b633dc6eca2d6153da7e98e57e3eca4a7786,"brief 40 c64/k16 channels_last before im2col candidate: validation passed but locked benchmark metric 4758.272258 us, slower than selected parent"
2026-06-10T12:01:14.753909,0,40,N/A,N/A,brief_stop,N/A,"brief 40 exhausted: channels_last conversion before c64/k16 im2col validated but slowed k16 shape (~3810 us) and overall repeats 4760.813687, 4758.580502, 4758.272258 us; rejected and restored final HEAD to 552c247b3bb41c73abc869c77379abbd478538df."
2026-06-10T12:03:00.743392,0,41,N/A,N/A,brief_start,N/A,"From selected safe 552c247, explore explicit fast paths for non-benchmark validation shapes c16/k4 and c32/k4 or k8 using im2col+bmm only if they reduce validation overhead without perturbing benchmark shapes; validate, benchmark repeats, keep only no-regression."
2026-06-10T12:06:18.975624,0,41,0,4747.585,succeeded,6fbe2247e842eb7618ca82afef28cb4f1449e90e,"brief 41 validation-shape im2col fast paths candidate: validation passed but candidate validation time 5.220s vs parent 4.652s, benchmark metric 4747.584667 us"
2026-06-10T12:06:19.064213,0,41,1,4746.993,succeeded,6fbe2247e842eb7618ca82afef28cb4f1449e90e,"brief 41 validation-shape im2col fast paths candidate: validation passed but candidate validation time 5.220s vs parent 4.652s, benchmark metric 4746.992584 us"
2026-06-10T12:06:19.150410,0,41,2,4763.696,succeeded,6fbe2247e842eb7618ca82afef28cb4f1449e90e,"brief 41 validation-shape im2col fast paths candidate: validation passed but candidate validation time 5.220s vs parent 4.652s, benchmark metric 4763.695833 us"
2026-06-10T12:06:19.239773,0,41,N/A,N/A,brief_stop,N/A,"brief 41 exhausted: validation-only im2col/bmm fast paths for c16/k4, c32/k4, c32/k8 validated and benchmark median was not regressed (4747.584667 us), but validation time was slower than parent (5.220s vs 4.652s); rejected and restored final HEAD to 552c247b3bb41c73abc869c77379abbd478538df."
2026-06-10T12:08:01.258163,0,42,N/A,N/A,brief_start,N/A,"Combine safe c64/k16 matmul winner 668efc9 with the prior c128/k32 backend-toggle candidate ee5a4da; resolve conflicts conservatively, stress correctness and determinism, benchmark repeats, keep only if the combined median clearly beats both safe parent retests."
2026-06-10T12:11:49.439663,0,42,0,4747.327,succeeded,d69b9796900d410df302cbeb4ef6cfa239a65cf3,brief 42 combined 668efc9 k16 matmul plus ee5a4da c128/k32 deterministic toggle: validation and focused stress passed; locked benchmark metric 4747.327232 us
2026-06-10T12:11:49.517575,0,42,1,4747.089,succeeded,d69b9796900d410df302cbeb4ef6cfa239a65cf3,brief 42 combined 668efc9 k16 matmul plus ee5a4da c128/k32 deterministic toggle: validation and focused stress passed; locked benchmark metric 4747.088698 us
2026-06-10T12:11:49.592080,0,42,2,4748.441,succeeded,d69b9796900d410df302cbeb4ef6cfa239a65cf3,brief 42 combined 668efc9 k16 matmul plus ee5a4da c128/k32 deterministic toggle: validation and focused stress passed; locked benchmark metric 4748.440787 us
2026-06-10T12:11:49.671530,0,42,N/A,N/A,brief_stop,N/A,"brief 42 exhausted: combined candidate validated and stress passed with metrics 4747.327232, 4747.088698, 4748.440787 us (median 4747.327232), but not a clear win over selected safe parent retests; restored final HEAD to 552c247b3bb41c73abc869c77379abbd478538df."
2026-06-10T12:13:55.316201,0,43,N/A,N/A,brief_start,N/A,"From safe matmul parent 668efc9, explore a c128/k16 fallback specialization that toggles channels_last only when input is already compatible or uses contiguous memory-format conversion sparingly; validate all c128 shapes, benchmark repeats, keep only clear safe median win."
2026-06-10T12:18:50.817447,0,43,0,4781.136,succeeded,85933e940b864524e4b599784ac15a1435fbd7db,"brief 43 c128/k16 channels_last fallback specialization from 668efc9 parent: validation and c128 stress passed, but locked benchmark metric 4781.135765 us is a clear regression"
2026-06-10T12:18:50.893663,0,43,1,4793.913,succeeded,85933e940b864524e4b599784ac15a1435fbd7db,"brief 43 c128/k16 channels_last fallback specialization from 668efc9 parent: validation and c128 stress passed, but locked benchmark metric 4793.912751 us is a clear regression"
2026-06-10T12:18:50.969363,0,43,2,4787.223,succeeded,85933e940b864524e4b599784ac15a1435fbd7db,"brief 43 c128/k16 channels_last fallback specialization from 668efc9 parent: validation and c128 stress passed, but locked benchmark metric 4787.223333 us is a clear regression"
2026-06-10T12:18:51.050711,0,43,N/A,N/A,brief_stop,N/A,"brief 43 exhausted: c128/k16 channels_last fallback validated but c128/k16 shape slowed to ~12.17 ms and overall repeats 4781.135765, 4793.912751, 4787.223333 us; rejected and restored final HEAD to selected safe 552c247b3bb41c73abc869c77379abbd478538df."
2026-06-10T12:20:10.245876,0,44,N/A,N/A,brief_start,N/A,"From selected safe 552c247, test whether keeping torch.backends.cudnn.benchmark=True after k8 graph capture instead of switching back for c64/k16 affects later benchmark shapes; validate, stress k8/k16 correctness, benchmark repeats, keep only clear median win."
2026-06-10T12:22:52.869004,0,44,0,4754.314,succeeded,b8445359e0a732f1a6de471746cd18ea15a2b894,brief 44 keep cudnn.benchmark=True after k8 graph capture candidate: validation and k8/k16 stress passed; locked benchmark metric 4754.313880 us
2026-06-10T12:22:52.958623,0,44,1,4752.016,succeeded,b8445359e0a732f1a6de471746cd18ea15a2b894,brief 44 keep cudnn.benchmark=True after k8 graph capture candidate: validation and k8/k16 stress passed; locked benchmark metric 4752.016073 us
2026-06-10T12:22:53.069962,0,44,2,4747.130,succeeded,b8445359e0a732f1a6de471746cd18ea15a2b894,brief 44 keep cudnn.benchmark=True after k8 graph capture candidate: validation and k8/k16 stress passed; locked benchmark metric 4747.130370 us
2026-06-10T12:22:53.153305,0,44,3,4748.685,succeeded,b8445359e0a732f1a6de471746cd18ea15a2b894,brief 44 keep cudnn.benchmark=True after k8 graph capture candidate: validation and k8/k16 stress passed; locked benchmark metric 4748.684562 us
2026-06-10T12:22:53.230614,0,44,4,4747.158,succeeded,b8445359e0a732f1a6de471746cd18ea15a2b894,brief 44 keep cudnn.benchmark=True after k8 graph capture candidate: validation and k8/k16 stress passed; locked benchmark metric 4747.158425 us
2026-06-10T12:22:53.340778,0,44,N/A,N/A,brief_stop,N/A,"brief 44 exhausted: keeping cudnn.benchmark=True into c64/k16 path validated and stress passed, but five-repeat median 4748.684562 was not a clear win and had k16 variance; rejected and restored final HEAD to 552c247b3bb41c73abc869c77379abbd478538df."
2026-06-10T12:24:30.418871,0,45,N/A,N/A,brief_start,N/A,"No-change selected-parent audit after benchmark-state rejection: confirm cudnn.benchmark=False is restored for c64/k16, k8 graph key includes kernel.data_ptr, validate, benchmark once, leave HEAD unchanged."
2026-06-10T12:25:30.638370,0,45,0,4745.375,succeeded,552c247b3bb41c73abc869c77379abbd478538df,"brief 45 no-change selected-parent audit: cudnn.benchmark=False restored for c64/k16, k8 key includes kernel.data_ptr, validation passed, one locked benchmark 4745.374881 us"
2026-06-10T12:25:30.726113,0,45,N/A,N/A,brief_stop,N/A,"brief 45 exhausted: no code changes; final HEAD remains 552c247b3bb41c73abc869c77379abbd478538df (552c247), c64/k16 benchmark=False restored, pointer-safe k8 key preserved, validation passed, benchmark 4745.374881 us."
2026-06-10T12:27:04.047559,0,46,N/A,N/A,brief_start,N/A,"From selected safe 552c247, explore replacing only the c64/k8 CUDA graph cuDNN path with im2col plus torch.matmul or bmm to avoid graph memory and replay overhead; validate/stress same-shape kernels, benchmark repeats, keep only clear safe win."
2026-06-10T12:28:44.036055,0,46,0,9999.000,succeeded,c9c2deec81929032bbae55f5ec6e9b512f32999a,"brief 46 k8 im2col+2D matmul variant: validation and same-shape stress passed, but focused k8 timing ~1244 us vs graph path ~593 us, clear rejection before official full benchmark"
2026-06-10T12:29:31.803712,0,46,1,9999.000,succeeded,d5ca27e23b2b7f28cf8b8ff00afc31f6a71e9a5b,"brief 46 k8 im2col+bmm variant: validation and same-shape stress passed, but focused k8 timing ~1252 us vs graph path ~593 us, clear rejection before official full benchmark"
2026-06-10T12:29:31.904003,0,46,N/A,N/A,brief_stop,N/A,brief 46 exhausted: replacing c64/k8 CUDA graph with im2col+matmul or im2col+bmm validated but focused k8 timing regressed to ~1244-1252 us from graph path ~593 us; both variants rejected and final HEAD restored to 552c247b3bb41c73abc869c77379abbd478538df.
2026-06-10T12:31:34.373365,0,47,N/A,N/A,brief_start,N/A,"No-change checkpoint on stride-hardened candidate bc053cc after k8 im2col rejection: confirm original k8 graph path remains, key includes strides and kernel.data_ptr, validate, benchmark once, leave HEAD unchanged."
2026-06-10T12:33:11.009836,0,47,0,4748.360,succeeded,bc053cc626b666751c18871efc6d01674bcc6241,"brief 47 no-change checkpoint on stride-hardened bc053cc: original k8 graph path remains, key includes input/kernel strides plus kernel.data_ptr, validation passed, benchmark 4748.359900 us"
2026-06-10T12:33:11.087721,0,47,N/A,N/A,brief_stop,N/A,"brief 47 exhausted: no code changes; final HEAD remains bc053cc626b666751c18871efc6d01674bcc6241 (bc053cc), stride-hardened k8 graph key with kernel.data_ptr confirmed, validation passed, benchmark 4748.359900 us."
2026-06-10T12:55:43.785601,0,48,N/A,N/A,brief_start,N/A,"From submitted safe parent bc053cc, focus on the remote-ranked c128/k32 shape: profile/benchmark the cuDNN fallback and try a shape-specific backend-flag or memory-format specialization that passes validation and is submitted if it clearly improves."
2026-06-10T12:59:17.888065,0,48,0,4752.743,succeeded,54711300360a0ee48fff6d9a51bcb2494541768f,"brief 48 c128/k32 deterministic=False toggle on bc053cc: validation passed; focused k32 parent 7587.853 us vs candidate 7596.048/7600.149/7585.080 us, official metric 4752.743467 us; no clear improvement, not submitted"
2026-06-10T12:59:17.968568,0,48,N/A,N/A,brief_stop,N/A,"brief 48 exhausted: c128/k32 backend-toggle candidate validated but focused and official benchmarks showed no clear local improvement, so not submitted; final HEAD restored to submitted safe parent bc053cc626b666751c18871efc6d01674bcc6241."
2026-06-10T13:00:50.321329,0,49,N/A,N/A,brief_start,N/A,"From submitted safe parent bc053cc, investigate whether the remote-ranked c128/k32 path can use torch._C._nn.im2col plus torch.matmul only for batch=1 k32; validate/stress c128 shapes, benchmark focused and full repeats, submit only if clearly faster."
2026-06-10T13:01:54.410628,0,49,0,9999.000,succeeded,6a5d0d1e1e64860136ae3a97f99f178efff63546,"brief 49 c128/k32 batch=1 im2col+matmul candidate: validation and c128 stress passed, but focused k32 timing 49543 us vs cuDNN ~7588 us; clear rejection, not submitted"
2026-06-10T13:01:54.491107,0,49,N/A,N/A,brief_stop,N/A,"brief 49 exhausted: batch=1 c128/k32 im2col+matmul validated but k32 timing regressed to ~49.5 ms, so no full benchmark/submission; restored final HEAD to submitted safe parent bc053cc626b666751c18871efc6d01674bcc6241."
2026-06-10T13:04:51.439450,0,50,N/A,N/A,brief_start,N/A,"From submitted safe parent bc053cc, investigate the remote-ranked c128/k32 path with direct cuDNN call variants: remove Python aliases/kwargs, prebind only the fallback callable, and benchmark focused/full repeats; submit only a clear safe B200 improvement."
2026-06-10T13:07:27.172406,0,50,0,4753.617,succeeded,41efce0654c67646042d77aa2f2491cff687789c,"brief 50 fallback _conv2d without stride/padding kwargs: validation passed; focused k32 7595.349/7582.048/7583.093 us and official 4753.616851 us, not a clear improvement, not submitted"
2026-06-10T13:09:26.557142,0,50,1,4747.547,succeeded,848679bc1c2de6ffe24f89dd6d6d7b3d0fe58bab,"brief 50 fallback direct F.conv2d call: validation passed; focused k32 7608.704/7607.048/7590.060 us and official 4747.546827 us, not a clear focused B200 k32 improvement, not submitted"
2026-06-10T13:09:26.655787,0,50,N/A,N/A,brief_stop,N/A,brief 50 exhausted: tested fallback no-kwargs _conv2d and direct F.conv2d call variants. Neither clearly improved focused c128/k32 on B200; no submission made. Final HEAD restored to submitted safe parent bc053cc626b666751c18871efc6d01674bcc6241.
2026-06-10T13:10:55.468326,0,51,N/A,N/A,brief_start,N/A,"From submitted safe parent bc053cc, micro-tune only the k8 graph replay path by testing channels_last static allocation/copy alternatives and tuple state layout while preserving shape/stride/kernel.data_ptr key safety; stress stale/stride kernels, validate, benchmark repeats, submit only a clear safe B200 improvement."
2026-06-10T13:17:21.481171,0,51,0,4745.393,succeeded,7dea0a9bc37f82b4636e58eedec86ad0f20ca7eb,"brief 51 k8 graph static_input.copy_ non_blocking=True candidate: validation passed; graph key retains input/kernel shape+stride and kernel.data_ptr; official repeats 4746.233/4747.714/4747.192/4746.885/4745.393/4745.869 us, median 4746.539 us vs parent 4748.360, tiny/noisy local improvement not yet submitted"
2026-06-10T13:19:43.558942,0,51,1,4746.531,succeeded,fa973b83deeee2e6b12399aede33d2754182577a,"brief 51 k8 graph state tuple direct-index access on nonblocking copy base: validation passed; safe graph key unchanged with shape/stride/kernel.data_ptr; official repeats 4746.531/4744.899/4756.881 us, noisy with regression outlier, not submitted"
2026-06-10T13:22:13.206673,0,51,2,4749.581,succeeded,a6fa34c1cd674a63db58adf9eca6003aab0c6c43,"brief 51 k8 graph 3-item cached state tuple after nonblocking copy: validation passed; graph key unchanged with input/kernel shape+stride and kernel.data_ptr; official repeats 4746.288/4749.581/4751.559 us, median slower than parent, not submitted"
2026-06-10T13:23:30.521421,0,51,3,5618.521,succeeded,db4fb1a92655722705f3bbf53412aafdaee7361d,"brief 51 k8 graph contiguous static_input allocation with nonblocking copy: validation passed but k8 shape slowed to ~1376-1377 us; official repeats 5624.702/5618.521/5617.805 us, clear regression, not submitted"
2026-06-10T13:24:55.404698,0,51,4,4747.547,succeeded,cd41bad6bc68cbb075707e0a3fd42b155bceb75e,"brief 51 k8 graph cached bound replay method with nonblocking copy: validation passed; safe graph key unchanged with shape/stride/kernel.data_ptr; official repeats 4757.049/4747.547/4746.175 us, median not better than nonblocking-copy base and not a clear parent improvement, not submitted"
2026-06-10T13:26:30.665299,0,51,N/A,N/A,brief_stop,N/A,"brief 51 exhausted: tested k8 graph nonblocking static_input copies, tuple/indexed cached state, reduced cached state, contiguous static allocation, and cached bound replay method. All preserved or were tested against safe graph keying with input shape/stride, kernel shape/stride, and kernel.data_ptr; stale same-shape different-kernel plus different-stride stress passed for the best nonblocking-copy candidate. Only nonblocking copy showed a tiny/noisy local median improvement (six repeats median ~4746.539 us vs parent 4748.360) and was not submitted because it was not a clear meaningful B200 improvement; other variants regressed or were noisy. Final HEAD restored to submitted safe parent bc053cc626b666751c18871efc6d01674bcc6241."
2026-06-10T13:27:49.224801,0,52,N/A,N/A,brief_start,N/A,"Independently audit the best k8 nonblocking-copy micro-variant from brief 51 against submitted safe parent bc053cc: reconstruct only that one-line static_input.copy_ change, run stale/stride stress, alternating five-plus full benchmarks, and submit to B200 only if the median improvement is reproducible beyond local noise."
2026-06-10T13:35:11.954631,0,52,0,4749.633,succeeded,08a325dcc7074f82738a7367c27dfd8c5be30580,"brief 52 audit of k8 static_input.copy_(..., non_blocking=True) one-line variant from bc053cc: official validation passed and stale same-shape different-kernel plus different-stride stress passed; alternating full benchmarks did not reproduce a beyond-noise win. Parent visible repeats 4746.991/4759.084/4755.232/4747.753/4749.547/4749.719 us median ~4749.633; candidate visible repeats 4754.069/4756.753/4747.947/4751.611/4746.602/4745.764 us median ~4749.779. Not submitted."
2026-06-10T13:35:21.300927,0,52,N/A,N/A,brief_stop,N/A,"brief 52 exhausted: independently reconstructed only the k8 nonblocking static_input.copy_ change from submitted safe parent bc053cc. Official validation passed; stale same-shape different-kernel and different-input-stride stress passed with graph key still including input shape/stride, kernel shape/stride, and kernel.data_ptr. Alternating full benchmarks showed no reproducible beyond-noise improvement: parent median ~4749.633 us vs candidate median ~4749.779 us over visible paired audit repeats. No B200 submission made. Final HEAD restored to submitted safe parent bc053cc626b666751c18871efc6d01674bcc6241."
2026-06-10T13:36:27.478975,0,53,N/A,N/A,brief_start,N/A,"From submitted safe parent bc053cc, micro-audit Python dispatch overhead: prebind torch._C._nn.im2col, torch.bmm, reshape/expand locals and remove unused _output/unneeded backend assignments while preserving exact paths; validate/stress all shapes, benchmark alternating repeats, submit only a clear safe B200 improvement."
2026-06-10T13:38:23.850905,0,53,0,4755.460,succeeded,81d2765f9e56d1a19a65a3f73d6074a75dbb3165,"brief 53 prebind torch._C._nn.im2col and torch.bmm plus unused output rename: validation passed; alternating full benchmark visible candidate repeats 4750.324/4760.597 us and parent repeats 4756.534/4746.732 us, no clear safe B200 improvement, not submitted"
2026-06-10T13:41:47.569565,0,53,1,4757.141,succeeded,3a37b17a079791263cefbeb32f6597800a6deca1,"brief 53 prebind dispatch plus remove per-call cudnn.benchmark assignments: validation passed, but alternating full benchmarks regressed. Candidate repeats 4758.538/4755.745 us vs parent 4746.992/4745.175 us in paired audit; not submitted."
2026-06-10T13:43:41.897926,0,53,2,4747.785,succeeded,e0e2be126cf966953a24ae2a1a6b00b1e41b8b36,"brief 53 prebind im2col/bmm plus local kernel.reshape binding with backend paths preserved: validation passed; candidate repeats 4746.061/4747.785/4751.329 vs parent 4758.454/4745.773 in alternating audit, mixed/noisy and not a clear B200 improvement, not submitted"
2026-06-10T13:43:41.976091,0,53,N/A,N/A,brief_stop,N/A,"brief 53 exhausted: audited Python dispatch overhead from submitted safe parent bc053cc. Tested prebound im2col/bmm, removing per-call cudnn.benchmark assignments, and local reshape binding while preserving exact k8 graph safety and k16/fallback paths. All candidates validated, but alternating full benchmarks were noisy or regressed; no safe faster reproducible B200 improvement and no submission. Final HEAD restored to bc053cc626b666751c18871efc6d01674bcc6241."
2026-06-10T13:44:57.436811,0,54,N/A,N/A,brief_start,N/A,"From submitted safe parent bc053cc, investigate the c128/k16 fallback path specifically: compare cuDNN benchmark/autotune state, channels_last input conversion, and im2col/bmm alternatives for that shape group under official tolerance; validate/stress, benchmark full repeats, submit only a clear safe B200 improvement."
2026-06-10T13:46:59.705650,0,54,0,4788.983,succeeded,b579435e9758fb62c7d24b99fa0110441342adb9,"brief 54 c128/k16 channels_last input conversion before cuDNN fallback: validation passed but c128/k16 shapes slowed to ~12148-12172 us vs parent ~11952-11962 us; official metric 4788.983 vs paired parent 4746.775, clear regression, not submitted"
2026-06-10T13:48:22.232306,0,54,1,6320.613,succeeded,37f1e24d1896783a14ece296e4dec5a8105e6d2a,"brief 54 c128/k16 im2col+bmm alternative under official tolerance: validation passed but c128/k16 shapes ~24475-24479 us vs cuDNN ~11950 us, official metric 6320.613, clear regression, not submitted"
2026-06-10T13:49:31.080180,0,54,2,7764.109,succeeded,8ad30403c96a8e9752352d4aa73aeb9ea4577b27,"brief 54 c128/k16 cuDNN fallback with cudnn.benchmark False: validation passed but c128/k16 shapes slowed to ~40.75 ms vs parent ~11.96 ms; official 7764.109 vs paired parent 4744.538, clear regression, not submitted"
2026-06-10T13:51:54.293536,0,54,3,4747.068,succeeded,c3d26fc9eeeb349f084ab87d7c161a4db84d8195,"brief 54 c128/k16 cuDNN fallback with direct _conv2d(input,kernel) no stride/padding kwargs: validation passed; paired repeats candidate 4747.068/4757.952 vs parent 4745.143/4746.738, not a clear safe B200 improvement, not submitted"
2026-06-10T13:51:54.396117,0,54,N/A,N/A,brief_stop,N/A,"brief 54 exhausted: investigated c128/k16 fallback from submitted safe parent bc053cc. Tested channels_last conversion, im2col+bmm alternative, cudnn.benchmark False, and no-kwargs direct conv2d for c128/k16. All validated, but channels_last/im2col/benchmarkFalse clearly regressed and no-kwargs was noisy/slower on repeat. No safe faster B200 improvement; no submission. Final HEAD restored to bc053cc626b666751c18871efc6d01674bcc6241."
2026-06-10T13:53:27.138773,0,55,N/A,N/A,brief_start,N/A,"From submitted safe parent bc053cc, perform a final no-code benchmark stability audit after recent noisy variants: run validation and three full benchmarks, compare to submissions 785294/785314, and recommend whether any unchanged cadence resubmission is needed; do not modify source."
2026-06-10T13:54:30.066266,0,55,0,4749.554,succeeded,bc053cc626b666751c18871efc6d01674bcc6241,"brief 55 no-code stability audit on submitted safe parent bc053cc: source unchanged and validation passed; full benchmark repeats 4751.020/4749.052/4749.554 us, median 4749.554, consistent with recent local noise around submitted safe parent and not evidence for unchanged resubmission over recorded B200 submissions 785294/785314"
2026-06-10T13:54:30.152309,0,55,N/A,N/A,brief_stop,N/A,brief 55 exhausted: no code changes made. Validation passed on bc053cc and three full benchmark repeats were 4751.020/4749.052/4749.554 us (median 4749.554). This is stable/noisy around parent 4748.360 and does not justify an unchanged GPUMODE B200 conv2d_v2 resubmission versus recorded submissions 785294/785314. Final HEAD remains bc053cc626b666751c18871efc6d01674bcc6241.
2026-06-10T13:56:06.017257,0,56,N/A,N/A,brief_start,N/A,"From submitted safe parent bc053cc, audit the exact benchmark shape dispatch table against task.yml and eval.py: verify no hidden shapes are missing, then test only a harmless explicit shape tuple dispatch order rewrite; validate/stress and benchmark, submit only if reproducibly faster."
2026-06-10T13:58:59.573200,0,56,0,4746.581,succeeded,47d031c462e6109b1600a1a7315f8727c4dd6928,"brief 56 explicit benchmark shape tuple dispatch audit: task.yml/eval.py expose five benchmark shapes and tests remain fallback-covered; validation passed. Alternating repeats candidate 4745.247/4746.581 vs parent 4747.493/4743.595, mixed/noisy and not reproducibly faster; not submitted."
2026-06-10T13:58:59.651584,0,56,N/A,N/A,brief_stop,N/A,"brief 56 exhausted: audited task.yml/eval.py shape set, found no hidden benchmark shapes beyond the five declared benchmark specs and validation tests. Tested harmless explicit (size,kernelsize,channels,batch) dispatch for k8/k16 specialized paths; validation passed but paired benchmarks were mixed/noisy, so no B200 submission. Final HEAD restored to submitted safe parent bc053cc626b666751c18871efc6d01674bcc6241."
