branch,trials,duration_seconds,trials_per_hour,gap_count,max_gap_seconds,improvement_pct_total
autocuda/optimize/2026-07-19-01-44-06-cholesky-resumed-local-unmerged/brief-0,14,4001,11.70,0,452,+11.74
autocuda/optimize/2026-07-19-01-44-06-cholesky-resumed-local-unmerged/brief-1,30,5502,18.98,0,409,+5.59
autocuda/optimize/2026-07-19-01-44-06-cholesky-resumed-local-unmerged/brief-10,56,15042,13.16,0,568,+103.17
autocuda/optimize/2026-07-19-01-44-06-cholesky-resumed-local-unmerged/brief-11,31,7431,14.53,0,475,+66.94
autocuda/optimize/2026-07-19-01-44-06-cholesky-resumed-local-unmerged/brief-12,14,2887,16.21,0,338,+66.74
autocuda/optimize/2026-07-19-01-44-06-cholesky-resumed-local-unmerged/brief-13,5,800,18.00,0,243,+84.15
autocuda/optimize/2026-07-19-01-44-06-cholesky-resumed-local-unmerged/brief-14,14,3301,14.18,0,406,+90.76
autocuda/optimize/2026-07-19-01-44-06-cholesky-resumed-local-unmerged/brief-15,11,3597,10.01,0,500,+103.38
autocuda/optimize/2026-07-19-01-44-06-cholesky-resumed-local-unmerged/brief-16,17,5298,10.87,1,905,+103.64
autocuda/optimize/2026-07-19-01-44-06-cholesky-resumed-local-unmerged/brief-17,13,3822,11.30,0,417,+109.24
autocuda/optimize/2026-07-19-01-44-06-cholesky-resumed-local-unmerged/brief-18,12,3609,10.97,0,476,+104.88
autocuda/optimize/2026-07-19-01-44-06-cholesky-resumed-local-unmerged/brief-19,9,2133,13.50,0,308,+109.63
autocuda/optimize/2026-07-19-01-44-06-cholesky-resumed-local-unmerged/brief-2,22,3909,19.34,0,332,+34.81
autocuda/optimize/2026-07-19-01-44-06-cholesky-resumed-local-unmerged/brief-20,5,1305,11.03,0,429,+115.26
autocuda/optimize/2026-07-19-01-44-06-cholesky-resumed-local-unmerged/brief-21,2,430,8.38,0,430,+115.59
autocuda/optimize/2026-07-19-01-44-06-cholesky-resumed-local-unmerged/brief-22,30,10202,10.23,1,1070,+127.69
autocuda/optimize/2026-07-19-01-44-06-cholesky-resumed-local-unmerged/brief-23,15,4924,10.24,0,449,+112.55
autocuda/optimize/2026-07-19-01-44-06-cholesky-resumed-local-unmerged/brief-24,30,10571,9.88,2,628,+117.62
autocuda/optimize/2026-07-19-01-44-06-cholesky-resumed-local-unmerged/brief-25,48,18111,9.34,0,557,+116.40
autocuda/optimize/2026-07-19-01-44-06-cholesky-resumed-local-unmerged/brief-26,11,3105,11.59,0,439,+117.33
autocuda/optimize/2026-07-19-01-44-06-cholesky-resumed-local-unmerged/brief-27,6,1534,11.73,0,331,+124.19
autocuda/optimize/2026-07-19-01-44-06-cholesky-resumed-local-unmerged/brief-28,15,4932,10.22,0,559,+125.98
autocuda/optimize/2026-07-19-01-44-06-cholesky-resumed-local-unmerged/brief-29,27,12172,7.69,1,828,+129.55
autocuda/optimize/2026-07-19-01-44-06-cholesky-resumed-local-unmerged/brief-3,27,3963,23.62,0,210,+30.73
autocuda/optimize/2026-07-19-01-44-06-cholesky-resumed-local-unmerged/brief-30,10,2794,11.60,0,395,+130.79
autocuda/optimize/2026-07-19-01-44-06-cholesky-resumed-local-unmerged/brief-31,7,3243,6.66,2,671,+127.97
autocuda/optimize/2026-07-19-01-44-06-cholesky-resumed-local-unmerged/brief-32,11,4433,8.12,0,536,+128.46
autocuda/optimize/2026-07-19-01-44-06-cholesky-resumed-local-unmerged/brief-33,11,3360,10.71,0,421,+131.69
autocuda/optimize/2026-07-19-01-44-06-cholesky-resumed-local-unmerged/brief-34,7,2295,9.41,0,457,+133.00
autocuda/optimize/2026-07-19-01-44-06-cholesky-resumed-local-unmerged/brief-35,1,0,0.00,0,0,+131.57
autocuda/optimize/2026-07-19-01-44-06-cholesky-resumed-local-unmerged/brief-36,13,5613,7.70,1,1448,+132.32
autocuda/optimize/2026-07-19-01-44-06-cholesky-resumed-local-unmerged/brief-37,1,0,0.00,0,0,+130.41
autocuda/optimize/2026-07-19-01-44-06-cholesky-resumed-local-unmerged/brief-38,10,3210,10.09,0,437,+133.27
autocuda/optimize/2026-07-19-01-44-06-cholesky-resumed-local-unmerged/brief-39,10,3407,9.51,0,598,+133.13
autocuda/optimize/2026-07-19-01-44-06-cholesky-resumed-local-unmerged/brief-4,29,8130,12.40,0,443,+18.57
autocuda/optimize/2026-07-19-01-44-06-cholesky-resumed-local-unmerged/brief-40,5,1722,8.36,0,484,+131.90
autocuda/optimize/2026-07-19-01-44-06-cholesky-resumed-local-unmerged/brief-41,8,2288,11.02,0,428,+133.33
autocuda/optimize/2026-07-19-01-44-06-cholesky-resumed-local-unmerged/brief-42,7,2010,10.74,0,529,+134.82
autocuda/optimize/2026-07-19-01-44-06-cholesky-resumed-local-unmerged/brief-43,36,14853,8.48,5,1092,+135.36
autocuda/optimize/2026-07-19-01-44-06-cholesky-resumed-local-unmerged/brief-44,7,3793,5.69,1,1863,+135.26
autocuda/optimize/2026-07-19-01-44-06-cholesky-resumed-local-unmerged/brief-45,8,3511,7.18,1,1609,+132.87
autocuda/optimize/2026-07-19-01-44-06-cholesky-resumed-local-unmerged/brief-46,8,1878,13.42,0,365,+134.67
autocuda/optimize/2026-07-19-01-44-06-cholesky-resumed-local-unmerged/brief-47,6,1723,10.44,0,434,+134.90
autocuda/optimize/2026-07-19-01-44-06-cholesky-resumed-local-unmerged/brief-48,6,1577,11.41,0,358,+136.07
autocuda/optimize/2026-07-19-01-44-06-cholesky-resumed-local-unmerged/brief-49,32,24354,4.58,5,5735,+144.26
autocuda/optimize/2026-07-19-01-44-06-cholesky-resumed-local-unmerged/brief-5,5,1343,10.72,0,366,+47.81
autocuda/optimize/2026-07-19-01-44-06-cholesky-resumed-local-unmerged/brief-50,17,11829,4.87,3,3993,+144.10
autocuda/optimize/2026-07-19-01-44-06-cholesky-resumed-local-unmerged/brief-51,6,1899,9.48,0,413,+136.78
autocuda/optimize/2026-07-19-01-44-06-cholesky-resumed-local-unmerged/brief-52,13,5812,7.43,2,833,+139.78
autocuda/optimize/2026-07-19-01-44-06-cholesky-resumed-local-unmerged/brief-53,21,13816,5.21,4,3856,+138.48
autocuda/optimize/2026-07-19-01-44-06-cholesky-resumed-local-unmerged/brief-54,9,3456,8.33,1,749,+143.28
autocuda/optimize/2026-07-19-01-44-06-cholesky-resumed-local-unmerged/brief-55,25,11366,7.60,4,1404,+146.79
autocuda/optimize/2026-07-19-01-44-06-cholesky-resumed-local-unmerged/brief-56,18,7021,8.72,1,882,+144.73
autocuda/optimize/2026-07-19-01-44-06-cholesky-resumed-local-unmerged/brief-57,9,3524,8.17,1,800,+153.89
autocuda/optimize/2026-07-19-01-44-06-cholesky-resumed-local-unmerged/brief-58,28,35240,2.76,4,21979,+154.24
autocuda/optimize/2026-07-19-01-44-06-cholesky-resumed-local-unmerged/brief-59,8,3616,6.97,1,1370,+154.74
autocuda/optimize/2026-07-19-01-44-06-cholesky-resumed-local-unmerged/brief-6,9,1481,19.45,0,249,+50.71
autocuda/optimize/2026-07-19-01-44-06-cholesky-resumed-local-unmerged/brief-60,10,4777,6.78,2,1256,+155.12
autocuda/optimize/2026-07-19-01-44-06-cholesky-resumed-local-unmerged/brief-61,17,7449,7.73,1,1306,+162.18
autocuda/optimize/2026-07-19-01-44-06-cholesky-resumed-local-unmerged/brief-62,12,6179,6.41,2,931,+148.18
autocuda/optimize/2026-07-19-01-44-06-cholesky-resumed-local-unmerged/brief-63,5,5330,2.70,3,3208,+158.52
autocuda/optimize/2026-07-19-01-44-06-cholesky-resumed-local-unmerged/brief-64,17,7343,7.84,1,2032,+170.93
autocuda/optimize/2026-07-19-01-44-06-cholesky-resumed-local-unmerged/brief-65,6,3129,5.75,2,1062,+170.27
autocuda/optimize/2026-07-19-01-44-06-cholesky-resumed-local-unmerged/brief-66,5,2155,6.68,1,616,+170.04
autocuda/optimize/2026-07-19-01-44-06-cholesky-resumed-local-unmerged/brief-67,5,1835,7.85,0,550,+172.99
autocuda/optimize/2026-07-19-01-44-06-cholesky-resumed-local-unmerged/brief-68,13,5232,8.26,1,1003,+172.86
autocuda/optimize/2026-07-19-01-44-06-cholesky-resumed-local-unmerged/brief-69,10,4069,7.96,0,553,+171.88
autocuda/optimize/2026-07-19-01-44-06-cholesky-resumed-local-unmerged/brief-7,11,2343,15.37,0,329,+44.97
autocuda/optimize/2026-07-19-01-44-06-cholesky-resumed-local-unmerged/brief-70,1,0,0.00,0,0,+168.15
autocuda/optimize/2026-07-19-01-44-06-cholesky-resumed-local-unmerged/brief-71,37,30027,4.32,6,9646,+181.52
autocuda/optimize/2026-07-19-01-44-06-cholesky-resumed-local-unmerged/brief-72,11,4759,7.57,1,1164,+171.64
autocuda/optimize/2026-07-19-01-44-06-cholesky-resumed-local-unmerged/brief-73,3,2725,2.64,2,1402,+169.23
autocuda/optimize/2026-07-19-01-44-06-cholesky-resumed-local-unmerged/brief-74,19,9082,7.13,1,2074,+177.19
autocuda/optimize/2026-07-19-01-44-06-cholesky-resumed-local-unmerged/brief-75,1,0,0.00,0,0,+169.64
autocuda/optimize/2026-07-19-01-44-06-cholesky-resumed-local-unmerged/brief-76,12,4766,8.31,1,722,+176.79
autocuda/optimize/2026-07-19-01-44-06-cholesky-resumed-local-unmerged/brief-77,37,17520,7.40,5,2017,+179.00
autocuda/optimize/2026-07-19-01-44-06-cholesky-resumed-local-unmerged/brief-78,97,49647,6.96,9,4361,+177.00
autocuda/optimize/2026-07-19-01-44-06-cholesky-resumed-local-unmerged/brief-79,8,2576,9.78,0,467,+180.56
autocuda/optimize/2026-07-19-01-44-06-cholesky-resumed-local-unmerged/brief-8,60,13933,15.24,2,1937,+67.06
autocuda/optimize/2026-07-19-01-44-06-cholesky-resumed-local-unmerged/brief-80,2,575,6.26,0,575,+183.12
autocuda/optimize/2026-07-19-01-44-06-cholesky-resumed-local-unmerged/brief-81,82,45056,6.47,13,4519,+184.23
autocuda/optimize/2026-07-19-01-44-06-cholesky-resumed-local-unmerged/brief-82,8,5662,4.45,2,2332,+183.59
autocuda/optimize/2026-07-19-01-44-06-cholesky-resumed-local-unmerged/brief-83,24,14133,5.86,6,3170,+184.23
autocuda/optimize/2026-07-19-01-44-06-cholesky-resumed-local-unmerged/brief-84,18,10679,5.73,2,2872,+178.65
autocuda/optimize/2026-07-19-01-44-06-cholesky-resumed-local-unmerged/brief-85,28,15328,6.34,5,1683,+182.37
autocuda/optimize/2026-07-19-01-44-06-cholesky-resumed-local-unmerged/brief-86,22,11062,6.83,4,700,+184.50
autocuda/optimize/2026-07-19-01-44-06-cholesky-resumed-local-unmerged/brief-87,17,7819,7.37,2,1650,+184.42
autocuda/optimize/2026-07-19-01-44-06-cholesky-resumed-local-unmerged/brief-88,32,16228,6.88,6,1744,+189.62
autocuda/optimize/2026-07-19-01-44-06-cholesky-resumed-local-unmerged/brief-89,23,13660,5.80,7,1756,+185.08
autocuda/optimize/2026-07-19-01-44-06-cholesky-resumed-local-unmerged/brief-9,43,13587,11.13,1,781,+98.23
autocuda/optimize/2026-07-19-01-44-06-cholesky-resumed-local-unmerged/brief-90,14,6964,6.72,4,1127,+187.54
autocuda/optimize/2026-07-19-01-44-06-cholesky-resumed-local-unmerged/brief-91,6,2196,8.20,1,653,+181.12
autocuda/optimize/2026-07-19-01-44-06-cholesky-resumed-local-unmerged/brief-92,0,0,0.00,0,0,+0.00
