timestamp,brief_id,trial,linalg/cholesky_py,status,commit,description
2026-07-20T20:57:54.708095,92,N/A,N/A,brief_start,N/A,"Combine the no-source persistent large-shape leader with the strongest completed n=1024/n=2048 path. Import only the barrier-trimmed vector-conversion n=1024 graph and eight-column n=2048 panel bundle with delayed outer copies, preserving the small kernels, n=256, n=512, n=4096, CUTLASS/TMA large solves, caller ordering, caches, fresh inputs, and the full grid."
2026-07-20T21:07:32.688312,92,0,745.132,succeeded,4d0d71754354a5eb39383bf5c12c0a64f04777f3,"Merged only the second parent's net n1024 barrier trim and final eight-column n2048 solve/delayed 60-CTA outer-copy bundle into the no-source persistent large-shape parent, retaining every other dispatch and both parent histories. The exactly-once wrapped build passed; all 17 official tests, six fresh-input guard cases, and all 15 benchmark cells passed. Aggregate measured 745.132 us versus the 743.614-us first-parent metric. Targeted batch60/n1024 measured 905.432/888.736 us mean/best, near the second parent's 903.916/886.720 clean evidence; batch8/n2048 measured 1821.959/1474.304 us, improving the common-path 1492.960-us clean floor. The unchanged large path measured 4461.337/13144.137/42842.429 us at n8192/n16384/n32768; one 342-ms n32768 sample inflated its mean versus the first parent's 39794.560-us evidence."
2026-07-20T21:21:40.378583,92,1,N/A,validation_error,17425e77399dbc6f192cae0a4a7c3da43fb0c796,"Profile-guided padding changed only the n2048 32x32 FP16 update operand from LD32 to aligned LD40 inside the unchanged 6.15-KiB alias, targeting Trial0's 3.5-way shared-load conflicts. Wrapped build and all 17 tests plus fresh-input guard passed, and the full grid passed cells0-8, but exact batch8/n2048 produced NaN/Inf; later cells completed, so this is a validation failure with no metric. The sole manager-approved hosted request pinned exact Trial0 commit 4d0d71754354a5eb39383bf5c12c0a64f04777f3/index9: request 2026-07-20T21:08:16.111930171Z, wrapper lock 21:08:16.195682Z, hosted created/start 21:08:18.446274/21:08:18.446903Z, end 21:11:46.077490Z, release 21:11:52.950210Z, job 69fb803cb5794d96a593177f925a7a45. Git blob 2c26aa4ac55a9ace0421ba497fc4627b6b78dada and worktree/archive SHA-256 c2f0eb52872bdf1546750a92d1cc698209df9853540517038502db86ab7b190f match exactly. Canonical artifacts are autocuda/profiles/2026-07-19-01-44-06-cholesky-resumed-local-unmerged/brief-92-trial-0-4d0d71754354a5eb39383bf5c12c0a64f04777f3.{ncu-rep,ncu-details.txt,ncu-details.csv,ncu.zip}. Profiled 8-column solves were 7.36-7.74 us/28 regs/5.12 KiB with 1.2-way shared-load conflicts; 16-column updates were 7.20-7.33 us/31 regs/6.15 KiB with 3.5-way loads, 1.6-way stores, and 77-78 percent no-eligible cycles. No second hosted request will launch."
2026-07-20T21:29:52.182507,92,2,755.165,succeeded,1f550d75ff24310b98a79acd633c3591a3ae9b87,"Raised only the n2048 16-column update dispatch from zero to 50-percent preferred shared allocation, allowing concurrent sample-chain CTAs to co-reside beyond the profiled 8-KiB/one-block configuration while retaining every operator, layout, graph dependency, and non-n2048 path. Wrapped build, all 17 tests, fresh-input guard, and all 15 cells passed. Batch8/n2048 clean best improved from Trial0 1474.304 to 1467.904 us, while mean rose from 1821.959 to 1936.833 us because one sample reached 90.986 ms. Batch60/n1024 remained strong at 903.329/888.640 us. Aggregate measured 755.165 us versus Trial0 745.132 under unrelated n256 and n32768 outliers: 79.613 us with a 2.220-ms sample and 44309.358 us with a 423.720-ms sample. No second hosted profile was requested."
2026-07-20T21:36:58.797333,92,3,749.338,succeeded,2d380c1f4b8914ae2fc22f1013fdb5c9f9df011b,"Completed the n2048 update residency bracket by raising only the 16-column update dispatch from 50 to 100-percent preferred shared allocation. Wrapped build, all tests, fresh-input guard, and full grid passed. Aggregate measured 749.338 us versus zero-carveout Trial0 745.132 and 50-percent Trial2 755.165. Batch8/n2048 measured 1857.688/1482.480 us mean/best, between Trial0's 1821.959/1474.304 and Trial2's 1936.833/1467.904; one sample reached 72.762 ms. Batch60/n1024 measured 931.227/890.912 us with one 8.250-ms sample, and unchanged n32768 measured 43411.319 us with one 381.362-ms sample. The 50-percent candidate retains the lowest tested n2048 floor while zero percent retains the strongest measured target mean and aggregate. No second hosted profile was requested."
2026-07-20T21:46:40.196641,92,4,772.401,succeeded,8071c91da5cc8691be6ad462c258940c7705f30c,"Removed only the inherited coordinator-last rotation from independent n2048 update CTAs, assigning natural triangular task order while retaining the eight-column solve rotation, zero update carveout, delayed copies, and all graph dependencies. Wrapped build, all tests, fresh-input guard, and full grid passed after one transparent Modal container restart. Batch8/n2048 clean best was 1472.928 us versus Trial0 1474.304, while a 126.520-ms sample raised its mean to 2129.483 us versus Trial0 1821.959. Aggregate measured 772.401 us under the target tail plus an unrelated 6.142-ms n256 sample; batch60/n1024 remained 910.757/888.832 us. Natural update order slightly lowered the tested target floor but did not improve the clean aggregate evidence. No second hosted profile was requested."
2026-07-20T21:54:46.540560,92,5,745.883,succeeded,4234906f0a894c4cb82053c74ffdf4fcfc8806b0,"Combined natural independent n2048 update order with the 50-percent shared-residency setting. This preserves all eight-column solves, delayed outer copies, tensor-core update math, graph dependencies, and every non-n2048 path. Wrapped build, all 17 tests, fresh-input guard, and full grid passed. Batch8/n2048 improved from Trial0 1821.959/1474.304 to 1768.387/1468.064 us mean/best despite one 57.344-ms sample; it also improved the second parent's 1797.273-us clean mean and nearly matched rotated-50 Trial2's 1467.904 floor. Batch60/n1024 measured 903.844/888.800 us, retaining the imported path. Aggregate measured 745.883 us versus Trial0 745.132, while unchanged n32768 carried one 424.184-ms sample and a 44180.109-us mean versus Trial0 42842.429. This is the strongest measured targeted n2048 mean/floor combination in Brief92. No second hosted profile was requested."
2026-07-20T22:03:07.468646,92,6,760.238,succeeded,4234906f0a894c4cb82053c74ffdf4fcfc8806b0,"Repeated exact Trial5 commit 4234906f0a894c4cb82053c74ffdf4fcfc8806b0 with byte-identical natural n2048 update order and 50-percent update carveout. Wrapped build, all tests, fresh-input guard, and full grid passed. Batch8/n2048 clean best was 1472.624 us, within 4.560 us of Trial5's 1468.064 floor, while one 147.047-ms sample raised the mean to 2222.689 us; Trial5 therefore retains the clean 1768.387-us mean evidence. Aggregate measured 760.238 us versus Trial5 745.883 under the target tail plus broad untouched drift. Batch60/n1024 measured 909.825/890.656 us. The exact-source repeat preserves correctness and a near-parent target floor; no second hosted profile was requested, as the run-specific grant was consumed by Trial0."
2026-07-20T22:03:43.435142,92,N/A,N/A,brief_stop,N/A,"Final HEAD 4234906f0a894c4cb82053c74ffdf4fcfc8806b0 is clean and preserves the requested two-parent integration plus natural independent n2048 update order and 50-percent update shared residency. Trial0 exact merge 4d0d717 passed wrapped build, all 17 tests, fresh-input guard, and all 15 cells at 745.132 us aggregate, batch60/n1024 905.432/888.736 us mean/best, and batch8/n2048 1821.959/1474.304. Profile-guided Trial1 padded the conflict-heavy update square operand to LD40 but exact batch8/n2048 produced NaN/Inf; it was committed/logged and reset. Rotated update carveouts 50/100 measured 755.165 and 749.338 us aggregate, with n2048 1936.833/1467.904 and 1857.688/1482.480. Natural order at zero carveout measured 772.401 and 2129.483/1472.928 under severe tails. Selected natural-order/50-percent Trial5 measured 745.883 us aggregate and improved n2048 to 1768.387/1468.064 while retaining n1024 at 903.844/888.800; its exact repeat again passed every check at 760.238 aggregate and 2222.689/1472.624 under a 147.047-ms target tail. The sole approved profile pinned exact Trial0 4d0d71754354a5eb39383bf5c12c0a64f04777f3/index9, job 69fb803cb5794d96a593177f925a7a45, request 2026-07-20T21:08:16.111930171Z, hosted start/end 21:08:18.446903Z/21:11:46.077490Z; embedded SHA-256 c2f0eb52872bdf1546750a92d1cc698209df9853540517038502db86ab7b190f exactly matched the Git source. Canonical artifacts end in brief-92-trial-0-4d0d71754354a5eb39383bf5c12c0a64f04777f3 under autocuda/profiles/2026-07-19-01-44-06-cholesky-resumed-local-unmerged. It measured solves 7.36-7.74 us and updates 7.20-7.33 us; updates carried 3.5-way shared-load/1.6-way shared-store conflicts and 77-78 percent no-eligible cycles. No second hosted request launched. Keep the tree moving: concrete openings are a supported swizzled/padded FP16 square layout that avoids Trial1's batch8 invalidity, native triangular epilogue masking to remove update cleanup without the measured store-only penalty, shorter n1024 stage-specific address/operand lifetimes or a 224-thread fixed-depth mapping, and a future exact 4234906 capture beyond the first-ten-launch window when quota permits."
